png	kind	target	status	expected	seen	panel_line
A1_city_071_Pisae.png	city	71	OK	City Pisae	City Pisae	0
A1_city_071_Pisae.png	city	71	OK	Controlled by Rome	Controlled by Rome	1
A1_city_071_Pisae.png	city	71	OK	Allegiance to Rome	Allegiance to Rome	2
A1_city_071_Pisae.png	city	71	OK	Population 23,000 (100%)	Population 23,000 (100%)	3
A1_city_071_Pisae.png	city	71	OK	Loyalty ite	Loyalty ite	4
A1_city_071_Pisae.png	city	71	OK	Fortification 0%	Fortification 0%	5
A1_city_071_Pisae.png	city	71	OK	Tribute 7 talents	Tribute 7 talents	6
A1_city_071_Pisae.png	city	71	OK	Supply 99 tons	Supply 99 tons	7
A1_city_080_Tarquinii.png	city	80	OK	City Tarquinii	City Tarquinii	0
A1_city_080_Tarquinii.png	city	80	OK	Controlled by Rome	Controlled by Rome	1
A1_city_080_Tarquinii.png	city	80	OK	Allegiance to Rome	Allegiance to Rome	2
A1_city_080_Tarquinii.png	city	80	OK	Population 23,000 (85%)	Population 23,000 (85%)	3
A1_city_080_Tarquinii.png	city	80	OK	Loyalty very low	Loyalty very low	4
A1_city_080_Tarquinii.png	city	80	OK	Fortification 50%	Fortification 50%	5
A1_city_080_Tarquinii.png	city	80	OK	Tribute 9 talents	Tribute 9 talents	6
A1_city_080_Tarquinii.png	city	80	OK	Supply 119 tons	Supply 119 tons	7
A1_city_081_Arretium.png	city	81	OK	City Arretium	City Arretium	0
A1_city_081_Arretium.png	city	81	OK	Controlled by Rome	Controlled by Rome	1
A1_city_081_Arretium.png	city	81	OK	Allegiance to Rome	Allegiance to Rome	2
A1_city_081_Arretium.png	city	81	OK	Population 1,000 (14%)	Population 1,000 (14%)	3
A1_city_081_Arretium.png	city	81	OK	Loyalty very low	Loyalty very low	4
A1_city_081_Arretium.png	city	81	OK	Fortification 99%	Fortification 99%	5
A1_city_081_Arretium.png	city	81	OK	Tribute 2 talents	Tribute 2 talents	6
A1_city_081_Arretium.png	city	81	OK	Supply 150 tons	Supply 150 tons	7
A1_city_082_Caere.png	city	82	OK	City Caere	City Caere	0
A1_city_082_Caere.png	city	82	OK	Controlled by Rome	Controlled by Rome	1
A1_city_082_Caere.png	city	82	OK	Allegiance to Rome	Allegiance to Rome	2
A1_city_082_Caere.png	city	82	OK	Population 26,000 (96%)	Population 26,000 (96%)	3
A1_city_082_Caere.png	city	82	OK	Loyalty very low	Loyalty very low	4
A1_city_082_Caere.png	city	82	OK	Fortification 100%	Fortification 100%	5
A1_city_082_Caere.png	city	82	OK	Tribute 16 talents	Tribute 16 talents	6
A1_city_082_Caere.png	city	82	OK	Supply 153 tons	Supply 153 tons	7
A1_city_085_Rome.png	city	85	OK	City Rome (capital of Rome)	City Rome (capital of Rome)	0
A1_city_085_Rome.png	city	85	OK	Controlled by Rome	Controlled by Rome	1
A1_city_085_Rome.png	city	85	OK	Allegiance to Rome	Allegiance to Rome	2
A1_city_085_Rome.png	city	85	OK	Population 100,000 (33%)	Population 100,000 (33%)	3
A1_city_085_Rome.png	city	85	OK	Loyalty very low	Loyalty very low	4
A1_city_085_Rome.png	city	85	OK	Fortification 1% (under construction) (14,000)	Fortification 1% (under construction) (14,000)	5
A1_city_085_Rome.png	city	85	OK	Tribute 105 talents	Tribute 105 talents	6
A1_city_085_Rome.png	city	85	OK	Supply 990 tons	Supply 990 tons	7
A1_city_087_Ariminum.png	city	87	OK	City Ariminum	City Ariminum	0
A1_city_087_Ariminum.png	city	87	OK	Controlled by Rome	Controlled by Rome	1
A1_city_087_Ariminum.png	city	87	OK	Allegiance to Rome	Allegiance to Rome	2
A1_city_087_Ariminum.png	city	87	OK	Population 5,000 (71%)	Population 5,000 (71%)	3
A1_city_087_Ariminum.png	city	87	OK	Loyalty very low	Loyalty very low	4
A1_city_087_Ariminum.png	city	87	OK	Fortification 50% (under construction)	Fortification 50% (under construction)	5
A1_city_087_Ariminum.png	city	87	OK	Tribute 5 talents	Tribute 5 talents	6
A1_city_087_Ariminum.png	city	87	OK	Supply 104 tons	Supply 104 tons	7
A1_city_088_Carsioli.png	city	88	OK	City Carsioli	City Carsioli	0
A1_city_088_Carsioli.png	city	88	OK	Controlled by Rome	Controlled by Rome	1
A1_city_088_Carsioli.png	city	88	OK	Allegiance to Rome	Allegiance to Rome	2
A1_city_088_Carsioli.png	city	88	OK	Population 23,000 (100%)	Population 23,000 (100%)	3
A1_city_088_Carsioli.png	city	88	OK	Loyalty very low	Loyalty very low	4
A1_city_088_Carsioli.png	city	88	OK	Fortification 99% (under construction)	Fortification 99% (under construction)	5
A1_city_088_Carsioli.png	city	88	OK	Tribute 9 talents	Tribute 9 talents	6
A1_city_088_Carsioli.png	city	88	OK	Supply 98 tons	Supply 98 tons	7
A1_city_089_Antium.png	city	89	OK	City Antium	City Antium	0
A1_city_089_Antium.png	city	89	OK	Controlled by Rome	Controlled by Rome	1
A1_city_089_Antium.png	city	89	OK	Allegiance to Rome	Allegiance to Rome	2
A1_city_089_Antium.png	city	89	OK	Population 23,000 (85%)	Population 23,000 (85%)	3
A1_city_089_Antium.png	city	89	OK	Loyalty very low	Loyalty very low	4
A1_city_089_Antium.png	city	89	OK	Fortification 0% (under construction)	Fortification 0% (under construction)	5
A1_city_089_Antium.png	city	89	OK	Tribute 11 talents	Tribute 11 talents	6
A1_city_089_Antium.png	city	89	OK	Supply 146 tons	Supply 146 tons	7
A1_city_090_Alba Fucens.png	city	90	OK	City Alba Fucens	City Alba Fucens	0
A1_city_090_Alba Fucens.png	city	90	OK	Controlled by Rome	Controlled by Rome	1
A1_city_090_Alba Fucens.png	city	90	OK	Allegiance to Rome	Allegiance to Rome	2
A1_city_090_Alba Fucens.png	city	90	OK	Population 1,000 (14%)	Population 1,000 (14%)	3
A1_city_090_Alba Fucens.png	city	90	OK	Loyalty very low	Loyalty very low	4
A1_city_090_Alba Fucens.png	city	90	OK	Fortification 50% (under construction)	Fortification 50% (under construction)	5
A1_city_090_Alba Fucens.png	city	90	OK	Tribute 0 talents	Tribute 0 talents	6
A1_city_090_Alba Fucens.png	city	90	OK	Supply 99 tons	Supply 99 tons	7
A1_city_091_Fregellae.png	city	91	OK	City Fregellae	City Fregellae	0
A1_city_091_Fregellae.png	city	91	OK	Controlled by Rome	Controlled by Rome	1
A1_city_091_Fregellae.png	city	91	OK	Allegiance to Rome	Allegiance to Rome	2
A1_city_091_Fregellae.png	city	91	OK	Population 26,000 (96%)	Population 26,000 (96%)	3
A1_city_091_Fregellae.png	city	91	OK	Loyalty low	Loyalty low	4
A1_city_091_Fregellae.png	city	91	OK	Fortification 0%	Fortification 0%	5
A1_city_091_Fregellae.png	city	91	OK	Tribute 12 talents	Tribute 12 talents	6
A1_city_091_Fregellae.png	city	91	OK	Supply 105 tons	Supply 105 tons	7
A1_city_096_Hadria.png	city	96	OK	City Hadria	City Hadria	0
A1_city_096_Hadria.png	city	96	OK	Controlled by Rome	Controlled by Rome	1
A1_city_096_Hadria.png	city	96	OK	Allegiance to Rome	Allegiance to Rome	2
A1_city_096_Hadria.png	city	96	OK	Population 100,000 (33%)	Population 100,000 (33%)	3
A1_city_096_Hadria.png	city	96	OK	Loyalty low	Loyalty low	4
A1_city_096_Hadria.png	city	96	OK	Fortification 50%	Fortification 50%	5
A1_city_096_Hadria.png	city	96	OK	Tribute 2 talents	Tribute 2 talents	6
A1_city_096_Hadria.png	city	96	OK	Supply 79 tons	Supply 79 tons	7
A1_city_097_Cales.png	city	97	OK	City Cales	City Cales	0
A1_city_097_Cales.png	city	97	OK	Controlled by Rome	Controlled by Rome	1
A1_city_097_Cales.png	city	97	OK	Allegiance to Rome	Allegiance to Rome	2
A1_city_097_Cales.png	city	97	OK	Population 5,000 (71%)	Population 5,000 (71%)	3
A1_city_097_Cales.png	city	97	OK	Loyalty normal	Loyalty normal	4
A1_city_097_Cales.png	city	97	OK	Fortification 99%	Fortification 99%	5
A1_city_097_Cales.png	city	97	OK	Tribute 7 talents	Tribute 7 talents	6
A1_city_097_Cales.png	city	97	OK	Supply 123 tons	Supply 123 tons	7
A1_city_100_Capua.png	city	100	OK	City Capua	City Capua	0
A1_city_100_Capua.png	city	100	OK	Controlled by Rome	Controlled by Rome	1
A1_city_100_Capua.png	city	100	OK	Allegiance to Rome	Allegiance to Rome	2
A1_city_100_Capua.png	city	100	OK	Population 23,000 (100%)	Population 23,000 (100%)	3
A1_city_100_Capua.png	city	100	OK	Loyalty normal	Loyalty normal	4
A1_city_100_Capua.png	city	100	OK	Fortification 100%	Fortification 100%	5
A1_city_100_Capua.png	city	100	OK	Tribute 6 talents	Tribute 6 talents	6
A1_city_100_Capua.png	city	100	OK	Supply 115 tons	Supply 115 tons	7
A1_city_101_Neapolis.png	city	101	OK	City Neapolis	City Neapolis	0
A1_city_101_Neapolis.png	city	101	OK	Controlled by Rome	Controlled by Rome	1
A1_city_101_Neapolis.png	city	101	OK	Allegiance to Rome	Allegiance to Rome	2
A1_city_101_Neapolis.png	city	101	OK	Population 23,000 (85%)	Population 23,000 (85%)	3
A1_city_101_Neapolis.png	city	101	OK	Loyalty high	Loyalty high	4
A1_city_101_Neapolis.png	city	101	OK	Fortification 1% (under construction)	Fortification 1% (under construction)	5
A1_city_101_Neapolis.png	city	101	OK	Tribute 13 talents	Tribute 13 talents	6
A1_city_101_Neapolis.png	city	101	OK	Supply 152 tons	Supply 152 tons	7
A1_city_106_Paestum.png	city	106	OK	City Paestum	City Paestum	0
A1_city_106_Paestum.png	city	106	OK	Controlled by Rome	Controlled by Rome	1
A1_city_106_Paestum.png	city	106	OK	Allegiance to Rome	Allegiance to Rome	2
A1_city_106_Paestum.png	city	106	OK	Population 1,000 (14%)	Population 1,000 (14%)	3
A1_city_106_Paestum.png	city	106	OK	Loyalty high	Loyalty high	4
A1_city_106_Paestum.png	city	106	OK	Fortification 50% (under construction)	Fortification 50% (under construction)	5
A1_city_106_Paestum.png	city	106	OK	Tribute 0 talents	Tribute 0 talents	6
A1_city_106_Paestum.png	city	106	OK	Supply 82 tons	Supply 82 tons	7
A1_city_110_Luceria.png	city	110	OK	City Luceria	City Luceria	0
A1_city_110_Luceria.png	city	110	OK	Controlled by Rome	Controlled by Rome	1
A1_city_110_Luceria.png	city	110	OK	Allegiance to Rome	Allegiance to Rome	2
A1_city_110_Luceria.png	city	110	OK	Population 26,000 (96%)	Population 26,000 (96%)	3
A1_city_110_Luceria.png	city	110	OK	Loyalty very high	Loyalty very high	4
A1_city_110_Luceria.png	city	110	OK	Fortification 99% (under construction)	Fortification 99% (under construction)	5
A1_city_110_Luceria.png	city	110	OK	Tribute 11 talents	Tribute 11 talents	6
A1_city_110_Luceria.png	city	110	OK	Supply 169 tons	Supply 169 tons	7
A1_city_111_Rhegium.png	city	111	OK	City Rhegium	City Rhegium	0
A1_city_111_Rhegium.png	city	111	OK	Controlled by Rome	Controlled by Rome	1
A1_city_111_Rhegium.png	city	111	OK	Allegiance to Rome	Allegiance to Rome	2
A1_city_111_Rhegium.png	city	111	OK	Population 100,000 (33%)	Population 100,000 (33%)	3
A1_city_111_Rhegium.png	city	111	OK	Loyalty very high	Loyalty very high	4
A1_city_111_Rhegium.png	city	111	OK	Fortification 0% (under construction)	Fortification 0% (under construction)	5
A1_city_111_Rhegium.png	city	111	OK	Tribute 3 talents	Tribute 3 talents	6
A1_city_111_Rhegium.png	city	111	OK	Supply 119 tons	Supply 119 tons	7
A1_city_113_Teanum Apulum.png	city	113	OK	City Teanum Apulum	City Teanum Apulum	0
A1_city_113_Teanum Apulum.png	city	113	OK	Controlled by Rome	Controlled by Rome	1
A1_city_113_Teanum Apulum.png	city	113	OK	Allegiance to Rome	Allegiance to Rome	2
A1_city_113_Teanum Apulum.png	city	113	OK	Population 5,000 (71%)	Population 5,000 (71%)	3
A1_city_113_Teanum Apulum.png	city	113	OK	Loyalty excellent	Loyalty excellent	4
A1_city_113_Teanum Apulum.png	city	113	OK	Fortification 50% (under construction)	Fortification 50% (under construction)	5
A1_city_113_Teanum Apulum.png	city	113	OK	Tribute 6 talents	Tribute 6 talents	6
A1_city_113_Teanum Apulum.png	city	113	OK	Supply 106 tons	Supply 106 tons	7
A1_city_115_Venusia.png	city	115	OK	City Venusia	City Venusia	0
A1_city_115_Venusia.png	city	115	OK	Controlled by Rome	Controlled by Rome	1
A1_city_115_Venusia.png	city	115	OK	Allegiance to Rome	Allegiance to Rome	2
A1_city_115_Venusia.png	city	115	OK	Population 23,000 (100%)	Population 23,000 (100%)	3
A1_city_115_Venusia.png	city	115	OK	Loyalty excellent	Loyalty excellent	4
A1_city_115_Venusia.png	city	115	OK	Fortification 0%	Fortification 0%	5
A1_city_115_Venusia.png	city	115	OK	Tribute 7 talents	Tribute 7 talents	6
A1_city_115_Venusia.png	city	115	OK	Supply 132 tons	Supply 132 tons	7
A1_city_116_Locri.png	city	116	OK	City Locri	City Locri	0
A1_city_116_Locri.png	city	116	OK	Controlled by Rome	Controlled by Rome	1
A1_city_116_Locri.png	city	116	OK	Allegiance to Rome	Allegiance to Rome	2
A1_city_116_Locri.png	city	116	OK	Population 23,000 (85%)	Population 23,000 (85%)	3
A1_city_116_Locri.png	city	116	OK	Loyalty	Loyalty	4
A1_city_116_Locri.png	city	116	OK	Fortification 50%	Fortification 50%	5
A1_city_116_Locri.png	city	116	OK	Tribute 6 talents	Tribute 6 talents	6
A1_city_116_Locri.png	city	116	OK	Supply 97 tons	Supply 97 tons	7
A1_city_119_Thurii.png	city	119	OK	City Thurii	City Thurii	0
A1_city_119_Thurii.png	city	119	OK	Controlled by Rome	Controlled by Rome	1
A1_city_119_Thurii.png	city	119	OK	Allegiance to Rome	Allegiance to Rome	2
A1_city_119_Thurii.png	city	119	OK	Population 1,000 (14%)	Population 1,000 (14%)	3
A1_city_119_Thurii.png	city	119	OK	Loyalty	Loyalty	4
A1_city_119_Thurii.png	city	119	OK	Fortification 99%	Fortification 99%	5
A1_city_119_Thurii.png	city	119	OK	Tribute 2 talents	Tribute 2 talents	6
A1_city_119_Thurii.png	city	119	OK	Supply 122 tons	Supply 122 tons	7
A1_city_120_Heraclea.png	city	120	OK	City Heraclea	City Heraclea	0
A1_city_120_Heraclea.png	city	120	OK	Controlled by Rome	Controlled by Rome	1
A1_city_120_Heraclea.png	city	120	OK	Allegiance to Greece	Allegiance to Greece	2
A1_city_120_Heraclea.png	city	120	OK	Population 26,000 (96%)	Population 26,000 (96%)	3
A1_city_120_Heraclea.png	city	120	OK	Loyalty high	Loyalty high	4
A1_city_120_Heraclea.png	city	120	OK	Fortification 100%	Fortification 100%	5
A1_city_120_Heraclea.png	city	120	OK	Tribute 15 talents	Tribute 15 talents	6
A1_city_120_Heraclea.png	city	120	OK	Supply 139 tons	Supply 139 tons	7
A1_city_122_Croton.png	city	122	OK	City Croton	City Croton	0
A1_city_122_Croton.png	city	122	OK	Controlled by Rome	Controlled by Rome	1
A1_city_122_Croton.png	city	122	OK	Allegiance to Rome	Allegiance to Rome	2
A1_city_122_Croton.png	city	122	OK	Population 100,000 (33%)	Population 100,000 (33%)	3
A1_city_122_Croton.png	city	122	OK	Loyalty high	Loyalty high	4
A1_city_122_Croton.png	city	122	OK	Fortification 1% (under construction)	Fortification 1% (under construction)	5
A1_city_122_Croton.png	city	122	OK	Tribute 5 talents	Tribute 5 talents	6
A1_city_122_Croton.png	city	122	OK	Supply 146 tons	Supply 146 tons	7
A1_city_123_Tarrentum.png	city	123	OK	City Tarrentum	City Tarrentum	0
A1_city_123_Tarrentum.png	city	123	OK	Controlled by Rome	Controlled by Rome	1
A1_city_123_Tarrentum.png	city	123	OK	Allegiance to Greece	Allegiance to Greece	2
A1_city_123_Tarrentum.png	city	123	OK	Population 5,000 (71%)	Population 5,000 (71%)	3
A1_city_123_Tarrentum.png	city	123	OK	Loyalty high	Loyalty high	4
A1_city_123_Tarrentum.png	city	123	OK	Fortification 50% (under construction)	Fortification 50% (under construction)	5
A1_city_123_Tarrentum.png	city	123	OK	Tribute 45 talents	Tribute 45 talents	6
A1_city_123_Tarrentum.png	city	123	OK	Supply 243 tons	Supply 243 tons	7
A1_city_125_Brundisium.png	city	125	OK	City Brundisium	City Brundisium	0
A1_city_125_Brundisium.png	city	125	OK	Controlled by Rome	Controlled by Rome	1
A1_city_125_Brundisium.png	city	125	OK	Allegiance to Rome	Allegiance to Rome	2
A1_city_125_Brundisium.png	city	125	OK	Population 23,000 (100%)	Population 23,000 (100%)	3
A1_city_125_Brundisium.png	city	125	OK	Loyalty high	Loyalty high	4
A1_city_125_Brundisium.png	city	125	OK	Fortification 99% (under construction)	Fortification 99% (under construction)	5
A1_city_125_Brundisium.png	city	125	OK	Tribute 11 talents	Tribute 11 talents	6
A1_city_125_Brundisium.png	city	125	OK	Supply 127 tons	Supply 127 tons	7
A2_city_090_Alba Fucens.png	city_own	90	OK	City Alba Fucens	City Alba Fucens	0
A2_city_090_Alba Fucens.png	city_own	90	OK	Controlled by Rome	Controlled by Rome	1
A2_city_090_Alba Fucens.png	city_own	90	OK	Allegiance to Rome	Allegiance to Rome	2
A2_city_090_Alba Fucens.png	city_own	90	OK	Population 23,000 (100%)	Population 23,000 (100%)	3
A2_city_090_Alba Fucens.png	city_own	90	OK	Loyalty excellent	Loyalty excellent	4
A2_city_090_Alba Fucens.png	city_own	90	OK	Fortification 61% (3,000)	Fortification 61% (3,000)	5
A2_city_090_Alba Fucens.png	city_own	90	OK	Tribute 6 talents	Tribute 6 talents	6
A2_city_090_Alba Fucens.png	city_own	90	OK	Supply 99 tons	Supply 99 tons	7
A2_city_091_Fregellae.png	city_own	91	OK	City Fregellae	City Fregellae	0
A2_city_091_Fregellae.png	city_own	91	OK	Controlled by Rome	Controlled by Rome	1
A2_city_091_Fregellae.png	city_own	91	OK	Allegiance to Rome	Allegiance to Rome	2
A2_city_091_Fregellae.png	city_own	91	OK	Population 23,000 (100%)	Population 23,000 (100%)	3
A2_city_091_Fregellae.png	city_own	91	OK	Loyalty very high	Loyalty very high	4
A2_city_091_Fregellae.png	city_own	91	OK	Fortification 61% (500)	Fortification 61% (500)	5
A2_city_091_Fregellae.png	city_own	91	OK	Tribute 13 talents	Tribute 13 talents	6
A2_city_091_Fregellae.png	city_own	91	OK	Supply 105 tons	Supply 105 tons	7
A2_city_085_Rome.png	city_own	85	OK	City Rome (capital of Rome)	City Rome (capital of Rome)	0
A2_city_085_Rome.png	city_own	85	OK	Controlled by Rome	Controlled by Rome	1
A2_city_085_Rome.png	city_own	85	OK	Allegiance to Rome	Allegiance to Rome	2
A2_city_085_Rome.png	city_own	85	OK	Population 181,000 (100%)	Population 181,000 (100%)	3
A2_city_085_Rome.png	city_own	85	OK	Loyalty excellent	Loyalty excellent	4
A2_city_085_Rome.png	city_own	85	OK	Fortification 78%	Fortification 78%	5
A2_city_085_Rome.png	city_own	85	OK	Tribute 317 talents	Tribute 317 talents	6
A2_city_085_Rome.png	city_own	85	OK	Supply 990 tons	Supply 990 tons	7
A2_city_097_Cales.png	city_own	97	OK	City Cales	City Cales	0
A2_city_097_Cales.png	city_own	97	OK	Controlled by Rome	Controlled by Rome	1
A2_city_097_Cales.png	city_own	97	OK	Allegiance to Rome	Allegiance to Rome	2
A2_city_097_Cales.png	city_own	97	OK	Population 28,000 (100%)	Population 28,000 (100%)	3
A2_city_097_Cales.png	city_own	97	OK	Loyalty high	Loyalty high	4
A2_city_097_Cales.png	city_own	97	OK	Fortification 51%	Fortification 51%	5
A2_city_097_Cales.png	city_own	97	OK	Tribute 11 talents	Tribute 11 talents	6
A2_city_097_Cales.png	city_own	97	OK	Supply 123 tons	Supply 123 tons	7
A2_city_072_Carthago.png	city_foreign	72	OK	City Carthago (capital of Carthage)	City Carthago (capital of Carthage)	0
A2_city_072_Carthago.png	city_foreign	72	OK	Controlled by Carthage	Controlled by Carthage	1
A2_city_072_Carthago.png	city_foreign	72	OK	Allegiance to Carthage	Allegiance to Carthage	2
A2_city_072_Carthago.png	city_foreign	72	OK	Population 163,000 (100%)	Population 163,000 (100%)	3
A2_city_072_Carthago.png	city_foreign	72	OK	Loyalty very high	Loyalty very high	4
A2_city_072_Carthago.png	city_foreign	72	OK	Fortification 87% (12,000)	Fortification 87% (12,000)	5
A2_city_072_Carthago.png	city_foreign	72	OK	Tribute very rich	Tribute very rich	6
A2_city_000_Sala.png	city_foreign	0	OK	City Sala	City Sala	0
A2_city_000_Sala.png	city_foreign	0	OK	Controlled by Carthage	Controlled by Carthage	1
A2_city_000_Sala.png	city_foreign	0	OK	Allegiance to Rome	Allegiance to Rome	2
A2_city_000_Sala.png	city_foreign	0	OK	Population 20,000 (100%)	Population 20,000 (100%)	3
A2_city_000_Sala.png	city_foreign	0	OK	Loyalty excellent	Loyalty excellent	4
A2_city_000_Sala.png	city_foreign	0	OK	Fortification 60%	Fortification 60%	5
A2_city_000_Sala.png	city_foreign	0	OK	Tribute poor	Tribute poor	6
A2_city_004_Banasa.png	city_foreign	4	OK	City Banasa	City Banasa	0
A2_city_004_Banasa.png	city_foreign	4	OK	Controlled by Carthage	Controlled by Carthage	1
A2_city_004_Banasa.png	city_foreign	4	OK	Allegiance to Carthage	Allegiance to Carthage	2
A2_city_004_Banasa.png	city_foreign	4	OK	Population 20,000 (100%)	Population 20,000 (100%)	3
A2_city_004_Banasa.png	city_foreign	4	OK	Loyalty high	Loyalty high	4
A2_city_004_Banasa.png	city_foreign	4	OK	Fortification 42%	Fortification 42%	5
A2_city_004_Banasa.png	city_foreign	4	OK	Tribute poor	Tribute poor	6
A2_city_005_Gades.png	city_foreign	5	OK	City Gades	City Gades	0
A2_city_005_Gades.png	city_foreign	5	OK	Controlled by Carthage	Controlled by Carthage	1
A2_city_005_Gades.png	city_foreign	5	OK	Allegiance to Carthage	Allegiance to Carthage	2
A2_city_005_Gades.png	city_foreign	5	OK	Population 20,000 (100%)	Population 20,000 (100%)	3
A2_city_005_Gades.png	city_foreign	5	OK	Loyalty excellent	Loyalty excellent	4
A2_city_005_Gades.png	city_foreign	5	OK	Fortification 76%	Fortification 76%	5
A2_city_005_Gades.png	city_foreign	5	OK	Tribute moderate	Tribute moderate	6
A2_city_006_Lixus.png	city_foreign	6	OK	City Lixus	City Lixus	0
A2_city_006_Lixus.png	city_foreign	6	OK	Controlled by Carthage	Controlled by Carthage	1
A2_city_006_Lixus.png	city_foreign	6	OK	Allegiance to Carthage	Allegiance to Carthage	2
A2_city_006_Lixus.png	city_foreign	6	OK	Population 20,000 (100%)	Population 20,000 (100%)	3
A2_city_006_Lixus.png	city_foreign	6	OK	Loyalty very high	Loyalty very high	4
A2_city_006_Lixus.png	city_foreign	6	OK	Fortification 63%	Fortification 63%	5
A2_city_006_Lixus.png	city_foreign	6	OK	Tribute moderate	Tribute moderate	6
A2_city_013_Malaca.png	city_foreign	13	OK	City Malaca	City Malaca	0
A2_city_013_Malaca.png	city_foreign	13	OK	Controlled by Carthage	Controlled by Carthage	1
A2_city_013_Malaca.png	city_foreign	13	OK	Allegiance to Carthage	Allegiance to Carthage	2
A2_city_013_Malaca.png	city_foreign	13	OK	Population 20,000 (100%)	Population 20,000 (100%)	3
A2_city_013_Malaca.png	city_foreign	13	OK	Loyalty very high	Loyalty very high	4
A2_city_013_Malaca.png	city_foreign	13	OK	Fortification 48%	Fortification 48%	5
A2_city_013_Malaca.png	city_foreign	13	OK	Tribute rich	Tribute rich	6
A2_city_016_Rusaddir.png	city_foreign	16	OK	City Rusaddir	City Rusaddir	0
A2_city_016_Rusaddir.png	city_foreign	16	OK	Controlled by Carthage	Controlled by Carthage	1
A2_city_016_Rusaddir.png	city_foreign	16	OK	Allegiance to Carthage	Allegiance to Carthage	2
A2_city_016_Rusaddir.png	city_foreign	16	OK	Population 20,000 (100%)	Population 20,000 (100%)	3
A2_city_016_Rusaddir.png	city_foreign	16	OK	Loyalty normal	Loyalty normal	4
A2_city_016_Rusaddir.png	city_foreign	16	OK	Fortification 39%	Fortification 39%	5
A2_city_016_Rusaddir.png	city_foreign	16	OK	Tribute rich	Tribute rich	6
A2_city_018_Sexi.png	city_foreign	18	OK	City Sexi	City Sexi	0
A2_city_018_Sexi.png	city_foreign	18	OK	Controlled by Carthage	Controlled by Carthage	1
A2_city_018_Sexi.png	city_foreign	18	OK	Allegiance to Carthage	Allegiance to Carthage	2
A2_city_018_Sexi.png	city_foreign	18	OK	Population 20,000 (100%)	Population 20,000 (100%)	3
A2_city_018_Sexi.png	city_foreign	18	OK	Loyalty high	Loyalty high	4
A2_city_018_Sexi.png	city_foreign	18	OK	Fortification 37%	Fortification 37%	5
A2_city_018_Sexi.png	city_foreign	18	OK	Tribute very rich	Tribute very rich	6
A2_city_024_Quiza.png	city_foreign	24	OK	City Quiza	City Quiza	0
A2_city_024_Quiza.png	city_foreign	24	OK	Controlled by Carthage	Controlled by Carthage	1
A2_city_024_Quiza.png	city_foreign	24	OK	Allegiance to Carthage	Allegiance to Carthage	2
A2_city_024_Quiza.png	city_foreign	24	OK	Population 20,000 (100%)	Population 20,000 (100%)	3
A2_city_024_Quiza.png	city_foreign	24	OK	Loyalty high	Loyalty high	4
A2_city_024_Quiza.png	city_foreign	24	OK	Fortification 61%	Fortification 61%	5
A2_city_024_Quiza.png	city_foreign	24	OK	Tribute very rich	Tribute very rich	6
A2_city_025_Carthago Novo.png	city_foreign	25	OK	City Carthago Novo	City Carthago Novo	0
A2_city_025_Carthago Novo.png	city_foreign	25	OK	Controlled by Carthage	Controlled by Carthage	1
A2_city_025_Carthago Novo.png	city_foreign	25	OK	Allegiance to Carthage	Allegiance to Carthage	2
A2_city_025_Carthago Novo.png	city_foreign	25	OK	Population 20,000 (100%)	Population 20,000 (100%)	3
A2_city_025_Carthago Novo.png	city_foreign	25	OK	Loyalty excellent	Loyalty excellent	4
A2_city_025_Carthago Novo.png	city_foreign	25	OK	Fortification 83%	Fortification 83%	5
A2_city_025_Carthago Novo.png	city_foreign	25	OK	Tribute very rich	Tribute very rich	6
A2_city_026_Helice.png	city_foreign	26	OK	City Helice	City Helice	0
A2_city_026_Helice.png	city_foreign	26	OK	Controlled by Carthage	Controlled by Carthage	1
A2_city_026_Helice.png	city_foreign	26	CORRECTED	Allegiance to Celtiberia	Allegiance to _—Celtiberia	2
A2_city_026_Helice.png	city_foreign	26	OK	Population 20,000 (100%)	Population 20,000 (100%)	3
A2_city_026_Helice.png	city_foreign	26	OK	Loyalty normal	Loyalty normal	4
A2_city_026_Helice.png	city_foreign	26	OK	Fortification 24%	Fortification 24%	5
A2_city_026_Helice.png	city_foreign	26	OK	Tribute 10001	Tribute 10001	6
A2_city_030_Akra Leuke.png	city_foreign	30	OK	City Akra Leuke	City Akra Leuke	0
A2_city_030_Akra Leuke.png	city_foreign	30	OK	Controlled by Carthage	Controlled by Carthage	1
A2_city_030_Akra Leuke.png	city_foreign	30	OK	Allegiance to Carthage	Allegiance to Carthage	2
A2_city_030_Akra Leuke.png	city_foreign	30	OK	Population 20,000 (100%)	Population 20,000 (100%)	3
A2_city_030_Akra Leuke.png	city_foreign	30	OK	Loyalty very high	Loyalty very high	4
A2_city_030_Akra Leuke.png	city_foreign	30	OK	Fortification 94%	Fortification 94%	5
A2_city_030_Akra Leuke.png	city_foreign	30	OK	Tribute 20000	Tribute 20000	6
A2_city_033_Icosium.png	city_foreign	33	OK	City Icosium	City Icosium	0
A2_city_033_Icosium.png	city_foreign	33	OK	Controlled by Carthage	Controlled by Carthage	1
A2_city_033_Icosium.png	city_foreign	33	OK	Allegiance to Carthage	Allegiance to Carthage	2
A2_city_033_Icosium.png	city_foreign	33	OK	Population 20,000 (100%)	Population 20,000 (100%)	3
A2_city_033_Icosium.png	city_foreign	33	OK	Loyalty very high	Loyalty very high	4
A2_city_033_Icosium.png	city_foreign	33	OK	Fortification 52%	Fortification 52%	5
A2_city_033_Icosium.png	city_foreign	33	OK	Tribute -25536	Tribute -25536	6
A2_city_035_Cissa.png	city_foreign	35	OK	City Cissa	City Cissa	0
A2_city_035_Cissa.png	city_foreign	35	OK	Controlled by Carthage	Controlled by Carthage	1
A2_city_035_Cissa.png	city_foreign	35	CORRECTED	Allegiance to Celtiberia	Allegiance to _—Celtiberia	2
A2_city_035_Cissa.png	city_foreign	35	OK	Population 20,000 (100%)	Population 20,000 (100%)	3
A2_city_035_Cissa.png	city_foreign	35	OK	Loyalty normal	Loyalty normal	4
A2_city_035_Cissa.png	city_foreign	35	OK	Fortification 29%	Fortification 29%	5
A2_city_035_Cissa.png	city_foreign	35	OK	Tribute -1	Tribute -1	6
A3_nation_00_Rome.png	nation	0	OK	Nation Rome	Nation Rome	0
A3_nation_00_Rome.png	nation	0	OK	Leader Appius Claudius	Leader Appius Claudius	1
A3_nation_00_Rome.png	nation	0	OK	Capital Rome	Capital Rome	2
A3_nation_00_Rome.png	nation	0	OK	Cities 25	Cities 25	3
A3_nation_00_Rome.png	nation	0	OK	Population 0	Population 0	4
A3_nation_00_Rome.png	nation	0	OK	Unity very low	Unity very low	5
A3_nation_00_Rome.png	nation	0	OK	Tax rate 0%	Tax rate 0%	6
A3_nation_00_Rome.png	nation	0	OK	Mobilized 30%	Mobilized 30%	7
A3_nation_00_Rome.png	nation	0	OK	Treasury 2,200 talents	Treasury 2,200 talents	8
A3_nation_00_Rome.png	nation	0	OK	INTERNATIONAL RELATIONS	INTERNATIONAL RELATIONS	10
A3_nation_00_Rome.png	nation	0	OK	Carthage	Carthage	12
A3_nation_00_Rome.png	nation	0	OK	Seleucid	Seleucid	13
A3_nation_00_Rome.png	nation	0	OK	Ptolemaic	Ptolemaic	14
A3_nation_00_Rome.png	nation	0	OK	Macedonia	Macedonia	15
A3_nation_00_Rome.png	nation	0	OK	Numidia	Numidia	16
A3_nation_00_Rome.png	nation	0	OK	Gaul war	Gaul war	17
A3_nation_00_Rome.png	nation	0	OK	Greece	Greece	18
A3_nation_00_Rome.png	nation	0	OK	Celtiberia	Celtiberia	19
A3_nation_00_Rome.png	nation	0	OK	Illyria trade	Illyria trade	20
A3_nation_00_Rome.png	nation	0	OK	Dacia	Dacia	21
A3_nation_00_Rome.png	nation	0	OK	Bithynia	Bithynia	22
A3_nation_00_Rome.png	nation	0	OK	Galatia	Galatia	23
A3_nation_00_Rome.png	nation	0	OK	Armenia	Armenia	24
A3_nation_00_Rome.png	nation	0	OK	Media	Media	25
A3_nation_00_Rome.png	nation	0	CORRECTED	( Thracia conquerred by Seleucid )	( Thracia conquerred by Seleucid }	26
A3_nation_01_Carthage.png	nation	1	OK	Nation Carthage	Nation Carthage	0
A3_nation_01_Carthage.png	nation	1	OK	Leader Agis	Leader Agis	1
A3_nation_01_Carthage.png	nation	1	OK	Capital Carthago	Capital Carthago	2
A3_nation_01_Carthage.png	nation	1	OK	Cities 34	Cities 34	3
A3_nation_01_Carthage.png	nation	1	OK	Population 7	Population 7	4
A3_nation_01_Carthage.png	nation	1	OK	Unity very low	Unity very low	5
A3_nation_01_Carthage.png	nation	1	OK	Tax rate 5%	Tax rate 5%	6
A3_nation_01_Carthage.png	nation	1	OK	INTERNATIONAL RELATIONS	INTERNATIONAL RELATIONS	10
A3_nation_01_Carthage.png	nation	1	OK	Rome war	Rome war	11
A3_nation_01_Carthage.png	nation	1	OK	Seleucid	Seleucid	13
A3_nation_01_Carthage.png	nation	1	OK	Ptolemaic trade	Ptolemaic trade	14
A3_nation_01_Carthage.png	nation	1	OK	Macedonia ally	Macedonia ally	15
A3_nation_01_Carthage.png	nation	1	OK	Numidia	Numidia	16
A3_nation_01_Carthage.png	nation	1	OK	Gaul	Gaul	17
A3_nation_01_Carthage.png	nation	1	OK	Greece	Greece	18
A3_nation_01_Carthage.png	nation	1	OK	Celtiberia 5	Celtiberia 5	19
A3_nation_01_Carthage.png	nation	1	OK	Illyria [	Illyria [	20
A3_nation_01_Carthage.png	nation	1	CORRECTED	Dacia	Dacia ’	21
A3_nation_01_Carthage.png	nation	1	OK	Bithynia	Bithynia	22
A3_nation_01_Carthage.png	nation	1	OK	Galatia	Galatia	23
A3_nation_01_Carthage.png	nation	1	OK	Armenia war	Armenia war	24
A3_nation_01_Carthage.png	nation	1	OK	Media ally	Media ally	25
A3_nation_01_Carthage.png	nation	1	CORRECTED	( Thracia conquerred by Seleucid )	( Thracia conquerred by Seleucid }	26
A3_nation_02_Seleucid.png	nation	2	OK	Nation Seleucid	Nation Seleucid	0
A3_nation_02_Seleucid.png	nation	2	OK	Leader Darius	Leader Darius	1
A3_nation_02_Seleucid.png	nation	2	OK	Capital Antioch	Capital Antioch	2
A3_nation_02_Seleucid.png	nation	2	OK	Cities 62	Cities 62	3
A3_nation_02_Seleucid.png	nation	2	OK	Population 999	Population 999	4
A3_nation_02_Seleucid.png	nation	2	OK	Unity very low	Unity very low	5
A3_nation_02_Seleucid.png	nation	2	OK	Tax rate 10%	Tax rate 10%	6
A3_nation_02_Seleucid.png	nation	2	OK	INTERNATIONAL RELATIONS	INTERNATIONAL RELATIONS	10
A3_nation_02_Seleucid.png	nation	2	OK	Rome	Rome	11
A3_nation_02_Seleucid.png	nation	2	OK	Carthage trade	Carthage trade	12
A3_nation_02_Seleucid.png	nation	2	OK	Ptolemaic	Ptolemaic	14
A3_nation_02_Seleucid.png	nation	2	OK	Macedonia	Macedonia	15
A3_nation_02_Seleucid.png	nation	2	OK	Numidia	Numidia	16
A3_nation_02_Seleucid.png	nation	2	OK	Gaul	Gaul	17
A3_nation_02_Seleucid.png	nation	2	OK	Greece trade	Greece trade	18
A3_nation_02_Seleucid.png	nation	2	OK	Celtiberia	Celtiberia	19
A3_nation_02_Seleucid.png	nation	2	OK	Illyria	Illyria	20
A3_nation_02_Seleucid.png	nation	2	OK	Dacia	Dacia	21
A3_nation_02_Seleucid.png	nation	2	OK	Bithynia war	Bithynia war	22
A3_nation_02_Seleucid.png	nation	2	OK	Galatia war	Galatia war	23
A3_nation_02_Seleucid.png	nation	2	OK	Armenia	Armenia	24
A3_nation_02_Seleucid.png	nation	2	OK	Media trade	Media trade	25
A3_nation_02_Seleucid.png	nation	2	CORRECTED	( Thracia conquerred by Seleucid )	( Thracia conquerred by Seleucid }	26
A3_nation_03_Ptolemaic.png	nation	3	OK	Nation Ptolemaic	Nation Ptolemaic	0
A3_nation_03_Ptolemaic.png	nation	3	OK	Leader Thutmose	Leader Thutmose	1
A3_nation_03_Ptolemaic.png	nation	3	OK	Capital Alexandria	Capital Alexandria	2
A3_nation_03_Ptolemaic.png	nation	3	OK	Cities 46	Cities 46	3
A3_nation_03_Ptolemaic.png	nation	3	OK	Population 1,000	Population 1,000	4
A3_nation_03_Ptolemaic.png	nation	3	OK	Unity low	Unity low	5
A3_nation_03_Ptolemaic.png	nation	3	OK	Tax rate 15%	Tax rate 15%	6
A3_nation_03_Ptolemaic.png	nation	3	OK	INTERNATIONAL RELATIONS	INTERNATIONAL RELATIONS	10
A3_nation_03_Ptolemaic.png	nation	3	OK	Rome	Rome	11
A3_nation_03_Ptolemaic.png	nation	3	OK	Carthage	Carthage	12
A3_nation_03_Ptolemaic.png	nation	3	OK	Seleucid	Seleucid	13
A3_nation_03_Ptolemaic.png	nation	3	OK	Macedonia trade	Macedonia trade	15
A3_nation_03_Ptolemaic.png	nation	3	OK	Numidia	Numidia	16
A3_nation_03_Ptolemaic.png	nation	3	OK	Gaul	Gaul	17
A3_nation_03_Ptolemaic.png	nation	3	OK	Greece	Greece	18
A3_nation_03_Ptolemaic.png	nation	3	OK	Celtiberia	Celtiberia	19
A3_nation_03_Ptolemaic.png	nation	3	OK	Illyria	Illyria	20
A3_nation_03_Ptolemaic.png	nation	3	OK	Dacia trade	Dacia trade	21
A3_nation_03_Ptolemaic.png	nation	3	OK	Bithynia	Bithynia	22
A3_nation_03_Ptolemaic.png	nation	3	OK	Galatia	Galatia	23
A3_nation_03_Ptolemaic.png	nation	3	OK	Armenia	Armenia	24
A3_nation_03_Ptolemaic.png	nation	3	OK	Media	Media	25
A3_nation_03_Ptolemaic.png	nation	3	CORRECTED	( Thracia conquerred by Seleucid )	( Thracia conquerred by Seleucid }	26
A3_nation_04_Macedonia.png	nation	4	OK	Nation Macedonia	Nation Macedonia	0
A3_nation_04_Macedonia.png	nation	4	OK	Leader Alexander	Leader Alexander	1
A3_nation_04_Macedonia.png	nation	4	OK	Capital Pella	Capital Pella	2
A3_nation_04_Macedonia.png	nation	4	OK	Cities 16	Cities 16	3
A3_nation_04_Macedonia.png	nation	4	OK	Population 12,345	Population 12,345	4
A3_nation_04_Macedonia.png	nation	4	OK	Unity low	Unity low	5
A3_nation_04_Macedonia.png	nation	4	OK	Tax rate 20%	Tax rate 20%	6
A3_nation_04_Macedonia.png	nation	4	OK	INTERNATIONAL RELATIONS	INTERNATIONAL RELATIONS	10
A3_nation_04_Macedonia.png	nation	4	OK	Rome	Rome	11
A3_nation_04_Macedonia.png	nation	4	OK	Carthage	Carthage	12
A3_nation_04_Macedonia.png	nation	4	OK	Seleucid	Seleucid	13
A3_nation_04_Macedonia.png	nation	4	OK	Ptolemaic trade	Ptolemaic trade	14
A3_nation_04_Macedonia.png	nation	4	OK	Numidia trade	Numidia trade	16
A3_nation_04_Macedonia.png	nation	4	OK	Gaul	Gaul	17
A3_nation_04_Macedonia.png	nation	4	OK	Greece trade	Greece trade	18
A3_nation_04_Macedonia.png	nation	4	OK	Celtiberia	Celtiberia	19
A3_nation_04_Macedonia.png	nation	4	OK	Illyria	Illyria	20
A3_nation_04_Macedonia.png	nation	4	OK	Dacia	Dacia	21
A3_nation_04_Macedonia.png	nation	4	OK	Bithynia	Bithynia	22
A3_nation_04_Macedonia.png	nation	4	OK	Galatia	Galatia	23
A3_nation_04_Macedonia.png	nation	4	OK	Armenia	Armenia	24
A3_nation_04_Macedonia.png	nation	4	OK	Media	Media	25
A3_nation_04_Macedonia.png	nation	4	CORRECTED	( Thracia conquerred by Seleucid )	( Thracia conquerred by Seleucid }	26
A3_nation_05_Numidia.png	nation	5	OK	Nation Numidia	Nation Numidia	0
A3_nation_05_Numidia.png	nation	5	OK	Leader Abu-Simbel	Leader Abu-Simbel	1
A3_nation_05_Numidia.png	nation	5	OK	Capital Gemellae	Capital Gemellae	2
A3_nation_05_Numidia.png	nation	5	OK	Cities 8	Cities 8	3
A3_nation_05_Numidia.png	nation	5	OK	Population 1,234,567	Population 1,234,567	4
A3_nation_05_Numidia.png	nation	5	OK	Unity normal	Unity normal	5
A3_nation_05_Numidia.png	nation	5	OK	Tax rate 25%	Tax rate 25%	6
A3_nation_05_Numidia.png	nation	5	OK	INTERNATIONAL RELATIONS	INTERNATIONAL RELATIONS	10
A3_nation_05_Numidia.png	nation	5	OK	Rome	Rome	11
A3_nation_05_Numidia.png	nation	5	OK	Carthage ally	Carthage ally	12
A3_nation_05_Numidia.png	nation	5	OK	Seleucid	Seleucid	13
A3_nation_05_Numidia.png	nation	5	OK	Ptolemaic	Ptolemaic	14
A3_nation_05_Numidia.png	nation	5	OK	Macedonia trade	Macedonia trade	15
A3_nation_05_Numidia.png	nation	5	OK	Gaul	Gaul	17
A3_nation_05_Numidia.png	nation	5	OK	Greece	Greece	18
A3_nation_05_Numidia.png	nation	5	OK	Celtiberia	Celtiberia	19
A3_nation_05_Numidia.png	nation	5	OK	Illyria	Illyria	20
A3_nation_05_Numidia.png	nation	5	OK	Dacia	Dacia	21
A3_nation_05_Numidia.png	nation	5	OK	Bithynia	Bithynia	22
A3_nation_05_Numidia.png	nation	5	OK	Galatia	Galatia	23
A3_nation_05_Numidia.png	nation	5	OK	Armenia	Armenia	24
A3_nation_05_Numidia.png	nation	5	OK	Media	Media	25
A3_nation_05_Numidia.png	nation	5	CORRECTED	( Thracia conquerred by Seleucid )	( Thracia conquerred by Seleucid }	26
A3_nation_06_Gaul.png	nation	6	OK	Nation Gaul	Nation Gaul	0
A3_nation_06_Gaul.png	nation	6	OK	Leader Hengest	Leader Hengest	1
A3_nation_06_Gaul.png	nation	6	OK	Capital Nimes	Capital Nimes	2
A3_nation_06_Gaul.png	nation	6	OK	Cities 28	Cities 28	3
A3_nation_06_Gaul.png	nation	6	OK	Population 123,456,789	Population 123,456,789	4
A3_nation_06_Gaul.png	nation	6	OK	Unity normal	Unity normal	5
A3_nation_06_Gaul.png	nation	6	OK	Tax rate 30%	Tax rate 30%	6
A3_nation_06_Gaul.png	nation	6	OK	INTERNATIONAL RELATIONS	INTERNATIONAL RELATIONS	10
A3_nation_06_Gaul.png	nation	6	OK	Rome war	Rome war	11
A3_nation_06_Gaul.png	nation	6	OK	Carthage	Carthage	12
A3_nation_06_Gaul.png	nation	6	OK	Seleucid	Seleucid	13
A3_nation_06_Gaul.png	nation	6	OK	Ptolemaic	Ptolemaic	14
A3_nation_06_Gaul.png	nation	6	OK	Macedonia	Macedonia	15
A3_nation_06_Gaul.png	nation	6	OK	Numidia	Numidia	16
A3_nation_06_Gaul.png	nation	6	OK	Greece	Greece	18
A3_nation_06_Gaul.png	nation	6	OK	Celtiberia trade	Celtiberia trade	19
A3_nation_06_Gaul.png	nation	6	OK	Illyria	Illyria	20
A3_nation_06_Gaul.png	nation	6	OK	Dacia	Dacia	21
A3_nation_06_Gaul.png	nation	6	OK	Bithynia	Bithynia	22
A3_nation_06_Gaul.png	nation	6	OK	Galatia	Galatia	23
A3_nation_06_Gaul.png	nation	6	OK	Armenia trade	Armenia trade	24
A3_nation_06_Gaul.png	nation	6	OK	Media	Media	25
A3_nation_06_Gaul.png	nation	6	CORRECTED	( Thracia conquerred by Seleucid )	( Thracia conquerred by Seleucid }	26
A3_nation_07_Greece.png	nation	7	OK	Nation Greece	Nation Greece	0
A3_nation_07_Greece.png	nation	7	OK	Leader Pergamus	Leader Pergamus	1
A3_nation_07_Greece.png	nation	7	OK	Capital Athens	Capital Athens	2
A3_nation_07_Greece.png	nation	7	OK	Cities 21	Cities 21	3
A3_nation_07_Greece.png	nation	7	CORRECTED	Population 2,147,483,647	Population 2,147,483,647a'TN»C	4
A3_nation_07_Greece.png	nation	7	OK	Unity high	Unity high	5
A3_nation_07_Greece.png	nation	7	OK	Tax rate 35%	Tax rate 35%	6
A3_nation_07_Greece.png	nation	7	OK	INTERNATIONAL RELATIONS	INTERNATIONAL RELATIONS	10
A3_nation_07_Greece.png	nation	7	OK	Rome	Rome	11
A3_nation_07_Greece.png	nation	7	OK	Carthage trade	Carthage trade	12
A3_nation_07_Greece.png	nation	7	OK	Seleucid trade	Seleucid trade	13
A3_nation_07_Greece.png	nation	7	OK	Ptolemaic	Ptolemaic	14
A3_nation_07_Greece.png	nation	7	OK	Macedonia trade	Macedonia trade	15
A3_nation_07_Greece.png	nation	7	OK	Numidia	Numidia	16
A3_nation_07_Greece.png	nation	7	OK	Gaul	Gaul	17
A3_nation_07_Greece.png	nation	7	OK	Celtiberia	Celtiberia	19
A3_nation_07_Greece.png	nation	7	OK	Illyria	Illyria	20
A3_nation_07_Greece.png	nation	7	OK	Dacia	Dacia	21
A3_nation_07_Greece.png	nation	7	OK	Bithynia	Bithynia	22
A3_nation_07_Greece.png	nation	7	OK	Galatia	Galatia	23
A3_nation_07_Greece.png	nation	7	OK	Armenia	Armenia	24
A3_nation_07_Greece.png	nation	7	OK	Media	Media	25
A3_nation_07_Greece.png	nation	7	CORRECTED	( Thracia conquerred by Seleucid )	( Thracia conquerred by Seleucid }	26
A3_nation_08_Celtiberia.png	nation	8	OK	Nation Celtiberia	Nation Celtiberia	0
A3_nation_08_Celtiberia.png	nation	8	OK	Leader Octavian	Leader Octavian	1
A3_nation_08_Celtiberia.png	nation	8	OK	Capital Numantia	Capital Numantia	2
A3_nation_08_Celtiberia.png	nation	8	OK	Cities 19	Cities 19	3
A3_nation_08_Celtiberia.png	nation	8	OK	Population 5,000	Population 5,000	4
A3_nation_08_Celtiberia.png	nation	8	OK	Unity high	Unity high	5
A3_nation_08_Celtiberia.png	nation	8	OK	Tax rate 40%	Tax rate 40%	6
A3_nation_08_Celtiberia.png	nation	8	OK	INTERNATIONAL RELATIONS	INTERNATIONAL RELATIONS	10
A3_nation_08_Celtiberia.png	nation	8	OK	Rome	Rome	11
A3_nation_08_Celtiberia.png	nation	8	OK	Carthage war	Carthage war	12
A3_nation_08_Celtiberia.png	nation	8	OK	Seleucid	Seleucid	13
A3_nation_08_Celtiberia.png	nation	8	OK	Ptolemaic	Ptolemaic	14
A3_nation_08_Celtiberia.png	nation	8	OK	Macedonia	Macedonia	15
A3_nation_08_Celtiberia.png	nation	8	OK	Numidia	Numidia	16
A3_nation_08_Celtiberia.png	nation	8	OK	Gaul trade	Gaul trade	17
A3_nation_08_Celtiberia.png	nation	8	OK	Greece	Greece	18
A3_nation_08_Celtiberia.png	nation	8	OK	Illyria	Illyria	20
A3_nation_08_Celtiberia.png	nation	8	OK	Dacia trade	Dacia trade	21
A3_nation_08_Celtiberia.png	nation	8	OK	Bithynia	Bithynia	22
A3_nation_08_Celtiberia.png	nation	8	OK	Galatia	Galatia	23
A3_nation_08_Celtiberia.png	nation	8	OK	Armenia	Armenia	24
A3_nation_08_Celtiberia.png	nation	8	OK	Media trade	Media trade	25
A3_nation_08_Celtiberia.png	nation	8	CORRECTED	( Thracia conquerred by Seleucid )	( Thracia conquerred by Seleucid }	26
A3_nation_09_Illyria.png	nation	9	EXCLUDED-listed		first run of batch a3: the menu click was made at a 16 px pitch (this build is 17 px), the panel shows another nation than the one staged (checked in the OCR); re-captured as the .v2 file	
A3_nation_10_Dacia.png	nation	10	EXCLUDED-listed		first run of batch a3: the menu click was made at a 16 px pitch (this build is 17 px), the panel shows another nation than the one staged (checked in the OCR); re-captured as the .v2 file	
A3_nation_11_Bithynia.png	nation	11	EXCLUDED-listed		first run of batch a3: the menu click was made at a 16 px pitch (this build is 17 px), the panel shows another nation than the one staged (checked in the OCR); re-captured as the .v2 file	
A3_nation_12_Galatia.png	nation	12	EXCLUDED-listed		first run of batch a3: the menu click was made at a 16 px pitch (this build is 17 px), the panel shows another nation than the one staged (checked in the OCR); re-captured as the .v2 file	
A3_nation_13_Armenia.png	nation	13	EXCLUDED-listed		first run of batch a3: the menu click was made at a 16 px pitch (this build is 17 px), the panel shows another nation than the one staged (checked in the OCR); re-captured as the .v2 file	
A3_nation_14_Media.png	nation	14	EXCLUDED-listed		first run of batch a3: the menu click was made at a 16 px pitch (this build is 17 px), the panel shows another nation than the one staged (checked in the OCR); re-captured as the .v2 file	
A3_nation_08_Celtiberia.v2.png	nation	8	OK	Nation Celtiberia	Nation Celtiberia	0
A3_nation_08_Celtiberia.v2.png	nation	8	OK	Leader Octavian	Leader Octavian	1
A3_nation_08_Celtiberia.v2.png	nation	8	OK	Capital Numantia	Capital Numantia	2
A3_nation_08_Celtiberia.v2.png	nation	8	OK	Cities 19	Cities 19	3
A3_nation_08_Celtiberia.v2.png	nation	8	OK	Population 5,000	Population 5,000	4
A3_nation_08_Celtiberia.v2.png	nation	8	OK	Unity high	Unity high	5
A3_nation_08_Celtiberia.v2.png	nation	8	OK	Tax rate 40%	Tax rate 40%	6
A3_nation_08_Celtiberia.v2.png	nation	8	OK	INTERNATIONAL RELATIONS	INTERNATIONAL RELATIONS	10
A3_nation_08_Celtiberia.v2.png	nation	8	OK	Rome	Rome	11
A3_nation_08_Celtiberia.v2.png	nation	8	OK	Carthage war	Carthage war	12
A3_nation_08_Celtiberia.v2.png	nation	8	OK	Seleucid	Seleucid	13
A3_nation_08_Celtiberia.v2.png	nation	8	OK	Ptolemaic	Ptolemaic	14
A3_nation_08_Celtiberia.v2.png	nation	8	OK	Macedonia	Macedonia	15
A3_nation_08_Celtiberia.v2.png	nation	8	OK	Numidia	Numidia	16
A3_nation_08_Celtiberia.v2.png	nation	8	OK	Gaul trade	Gaul trade	17
A3_nation_08_Celtiberia.v2.png	nation	8	OK	Greece	Greece	18
A3_nation_08_Celtiberia.v2.png	nation	8	OK	Illyria	Illyria	20
A3_nation_08_Celtiberia.v2.png	nation	8	OK	Dacia trade	Dacia trade	21
A3_nation_08_Celtiberia.v2.png	nation	8	OK	Bithynia	Bithynia	22
A3_nation_08_Celtiberia.v2.png	nation	8	OK	Galatia	Galatia	23
A3_nation_08_Celtiberia.v2.png	nation	8	OK	Armenia	Armenia	24
A3_nation_08_Celtiberia.v2.png	nation	8	OK	Media trade	Media trade	25
A3_nation_08_Celtiberia.v2.png	nation	8	CORRECTED	( Thracia conquerred by Seleucid )	( Thracia conquerred by Seleucid }	26
A3_nation_09_Illyria.v2.png	nation	9	OK	Nation Illyria	Nation Illyria	0
A3_nation_09_Illyria.v2.png	nation	9	OK	Leader Epaminondas	Leader Epaminondas	1
A3_nation_09_Illyria.v2.png	nation	9	OK	Capital Scodra	Capital Scodra	2
A3_nation_09_Illyria.v2.png	nation	9	OK	Cities 9	Cities 9	3
A3_nation_09_Illyria.v2.png	nation	9	OK	Population 100,000	Population 100,000	4
A3_nation_09_Illyria.v2.png	nation	9	OK	Unity very high	Unity very high	5
A3_nation_09_Illyria.v2.png	nation	9	OK	Tax rate 1%	Tax rate 1%	6
A3_nation_09_Illyria.v2.png	nation	9	OK	INTERNATIONAL RELATIONS	INTERNATIONAL RELATIONS	10
A3_nation_09_Illyria.v2.png	nation	9	OK	Rome trade	Rome trade	11
A3_nation_09_Illyria.v2.png	nation	9	OK	Carthage	Carthage	12
A3_nation_09_Illyria.v2.png	nation	9	OK	Seleucid	Seleucid	13
A3_nation_09_Illyria.v2.png	nation	9	OK	Ptolemaic	Ptolemaic	14
A3_nation_09_Illyria.v2.png	nation	9	OK	Macedonia	Macedonia	15
A3_nation_09_Illyria.v2.png	nation	9	OK	Numidia	Numidia	16
A3_nation_09_Illyria.v2.png	nation	9	OK	Gaul	Gaul	17
A3_nation_09_Illyria.v2.png	nation	9	OK	Greece	Greece	18
A3_nation_09_Illyria.v2.png	nation	9	OK	Celtiberia	Celtiberia	19
A3_nation_09_Illyria.v2.png	nation	9	OK	Dacia	Dacia	21
A3_nation_09_Illyria.v2.png	nation	9	OK	Bithynia	Bithynia	22
A3_nation_09_Illyria.v2.png	nation	9	OK	Galatia	Galatia	23
A3_nation_09_Illyria.v2.png	nation	9	OK	Armenia trade	Armenia trade	24
A3_nation_09_Illyria.v2.png	nation	9	OK	Media trade	Media trade	25
A3_nation_09_Illyria.v2.png	nation	9	CORRECTED	( Thracia conquerred by Seleucid )	( Thracia conquerred by Seleucid }	26
A3_nation_10_Dacia.v2.png	nation	10	OK	Nation Dacia	Nation Dacia	0
A3_nation_10_Dacia.v2.png	nation	10	OK	Leader Theudebert	Leader Theudebert	1
A3_nation_10_Dacia.v2.png	nation	10	OK	Capital Sirmium	Capital Sirmium	2
A3_nation_10_Dacia.v2.png	nation	10	OK	Cities 8	Cities 8	3
A3_nation_10_Dacia.v2.png	nation	10	OK	Population 3	Population 3	4
A3_nation_10_Dacia.v2.png	nation	10	OK	Unity very high	Unity very high	5
A3_nation_10_Dacia.v2.png	nation	10	OK	Tax rate 2%	Tax rate 2%	6
A3_nation_10_Dacia.v2.png	nation	10	OK	INTERNATIONAL RELATIONS	INTERNATIONAL RELATIONS	10
A3_nation_10_Dacia.v2.png	nation	10	OK	Rome	Rome	11
A3_nation_10_Dacia.v2.png	nation	10	OK	Carthage	Carthage	12
A3_nation_10_Dacia.v2.png	nation	10	OK	Seleucid	Seleucid	13
A3_nation_10_Dacia.v2.png	nation	10	OK	Ptolemaic trade	Ptolemaic trade	14
A3_nation_10_Dacia.v2.png	nation	10	OK	Macedonia	Macedonia	15
A3_nation_10_Dacia.v2.png	nation	10	OK	Numidia	Numidia	16
A3_nation_10_Dacia.v2.png	nation	10	OK	Gaul	Gaul	17
A3_nation_10_Dacia.v2.png	nation	10	OK	Greece	Greece	18
A3_nation_10_Dacia.v2.png	nation	10	OK	Celtiberia trade	Celtiberia trade	19
A3_nation_10_Dacia.v2.png	nation	10	OK	Illyria	Illyria	20
A3_nation_10_Dacia.v2.png	nation	10	OK	Bithynia trade	Bithynia trade	22
A3_nation_10_Dacia.v2.png	nation	10	OK	Galatia	Galatia	23
A3_nation_10_Dacia.v2.png	nation	10	OK	Armenia	Armenia	24
A3_nation_10_Dacia.v2.png	nation	10	OK	Media	Media	25
A3_nation_10_Dacia.v2.png	nation	10	CORRECTED	( Thracia conquerred by Seleucid )	( Thracia conquerred by Seleucid }	26
A3_nation_11_Bithynia.v2.png	nation	11	OK	Nation Bithynia	Nation Bithynia	0
A3_nation_11_Bithynia.v2.png	nation	11	OK	Leader Stesichorus	Leader Stesichorus	1
A3_nation_11_Bithynia.v2.png	nation	11	OK	Capital Sinope	Capital Sinope	2
A3_nation_11_Bithynia.v2.png	nation	11	OK	Cities 13	Cities 13	3
A3_nation_11_Bithynia.v2.png	nation	11	OK	Population 40	Population 40	4
A3_nation_11_Bithynia.v2.png	nation	11	OK	Unity excellent	Unity excellent	5
A3_nation_11_Bithynia.v2.png	nation	11	OK	Tax rate 3%	Tax rate 3%	6
A3_nation_11_Bithynia.v2.png	nation	11	OK	INTERNATIONAL RELATIONS	INTERNATIONAL RELATIONS	10
A3_nation_11_Bithynia.v2.png	nation	11	OK	Rome	Rome	11
A3_nation_11_Bithynia.v2.png	nation	11	OK	Carthage	Carthage	12
A3_nation_11_Bithynia.v2.png	nation	11	OK	Seleucid war	Seleucid war	13
A3_nation_11_Bithynia.v2.png	nation	11	OK	Ptolemaic	Ptolemaic	14
A3_nation_11_Bithynia.v2.png	nation	11	OK	Macedonia	Macedonia	15
A3_nation_11_Bithynia.v2.png	nation	11	OK	Numidia	Numidia	16
A3_nation_11_Bithynia.v2.png	nation	11	OK	Gaul	Gaul	17
A3_nation_11_Bithynia.v2.png	nation	11	OK	Greece	Greece	18
A3_nation_11_Bithynia.v2.png	nation	11	OK	Celtiberia	Celtiberia	19
A3_nation_11_Bithynia.v2.png	nation	11	OK	Illyria	Illyria	20
A3_nation_11_Bithynia.v2.png	nation	11	OK	Dacia trade	Dacia trade	21
A3_nation_11_Bithynia.v2.png	nation	11	OK	Galatia ally	Galatia ally	23
A3_nation_11_Bithynia.v2.png	nation	11	OK	Armenia trade	Armenia trade	24
A3_nation_11_Bithynia.v2.png	nation	11	OK	Media	Media	25
A3_nation_11_Bithynia.v2.png	nation	11	CORRECTED	( Thracia conquerred by Seleucid )	( Thracia conquerred by Seleucid }	26
A3_nation_12_Galatia.v2.png	nation	12	OK	Nation Galatia	Nation Galatia	0
A3_nation_12_Galatia.v2.png	nation	12	OK	Leader Androcles	Leader Androcles	1
A3_nation_12_Galatia.v2.png	nation	12	OK	Capital Ancyra	Capital Ancyra	2
A3_nation_12_Galatia.v2.png	nation	12	OK	Cities 9	Cities 9	3
A3_nation_12_Galatia.v2.png	nation	12	OK	Population 500	Population 500	4
A3_nation_12_Galatia.v2.png	nation	12	OK	Unity excellent	Unity excellent	5
A3_nation_12_Galatia.v2.png	nation	12	OK	Tax rate 4%	Tax rate 4%	6
A3_nation_12_Galatia.v2.png	nation	12	OK	INTERNATIONAL RELATIONS	INTERNATIONAL RELATIONS	10
A3_nation_12_Galatia.v2.png	nation	12	OK	Rome	Rome	11
A3_nation_12_Galatia.v2.png	nation	12	OK	Carthage	Carthage	12
A3_nation_12_Galatia.v2.png	nation	12	OK	Seleucid war	Seleucid war	13
A3_nation_12_Galatia.v2.png	nation	12	OK	Ptolemaic	Ptolemaic	14
A3_nation_12_Galatia.v2.png	nation	12	OK	Macedonia	Macedonia	15
A3_nation_12_Galatia.v2.png	nation	12	OK	Numidia	Numidia	16
A3_nation_12_Galatia.v2.png	nation	12	OK	Gaul	Gaul	17
A3_nation_12_Galatia.v2.png	nation	12	OK	Greece	Greece	18
A3_nation_12_Galatia.v2.png	nation	12	OK	Celtiberia	Celtiberia	19
A3_nation_12_Galatia.v2.png	nation	12	OK	Illyria	Illyria	20
A3_nation_12_Galatia.v2.png	nation	12	OK	Dacia	Dacia	21
A3_nation_12_Galatia.v2.png	nation	12	OK	Bithynia ally	Bithynia ally	22
A3_nation_12_Galatia.v2.png	nation	12	OK	Armenia	Armenia	24
A3_nation_12_Galatia.v2.png	nation	12	OK	Media	Media	25
A3_nation_12_Galatia.v2.png	nation	12	CORRECTED	( Thracia conquerred by Seleucid )	( Thracia conquerred by Seleucid }	26
A3_nation_13_Armenia.v2.png	nation	13	OK	Nation Armenia	Nation Armenia	0
A3_nation_13_Armenia.v2.png	nation	13	OK	Leader Mesa	Leader Mesa	1
A3_nation_13_Armenia.v2.png	nation	13	OK	Capital Erivan	Capital Erivan	2
A3_nation_13_Armenia.v2.png	nation	13	OK	Cities 10	Cities 10	3
A3_nation_13_Armenia.v2.png	nation	13	OK	Population 5,000	Population 5,000	4
A3_nation_13_Armenia.v2.png	nation	13	OK	Unity	Unity	5
A3_nation_13_Armenia.v2.png	nation	13	OK	Tax rate 6%	Tax rate 6%	6
A3_nation_13_Armenia.v2.png	nation	13	OK	INTERNATIONAL RELATIONS	INTERNATIONAL RELATIONS	10
A3_nation_13_Armenia.v2.png	nation	13	OK	Rome	Rome	11
A3_nation_13_Armenia.v2.png	nation	13	OK	Carthage	Carthage	12
A3_nation_13_Armenia.v2.png	nation	13	OK	Seleucid	Seleucid	13
A3_nation_13_Armenia.v2.png	nation	13	OK	Ptolemaic	Ptolemaic	14
A3_nation_13_Armenia.v2.png	nation	13	OK	Macedonia	Macedonia	15
A3_nation_13_Armenia.v2.png	nation	13	OK	Numidia	Numidia	16
A3_nation_13_Armenia.v2.png	nation	13	OK	Gaul trade	Gaul trade	17
A3_nation_13_Armenia.v2.png	nation	13	OK	Greece	Greece	18
A3_nation_13_Armenia.v2.png	nation	13	OK	Celtiberia	Celtiberia	19
A3_nation_13_Armenia.v2.png	nation	13	OK	Illyria trade	Illyria trade	20
A3_nation_13_Armenia.v2.png	nation	13	OK	Dacia	Dacia	21
A3_nation_13_Armenia.v2.png	nation	13	OK	Bithynia trade	Bithynia trade	22
A3_nation_13_Armenia.v2.png	nation	13	OK	Galatia	Galatia	23
A3_nation_13_Armenia.v2.png	nation	13	OK	Media ally	Media ally	25
A3_nation_13_Armenia.v2.png	nation	13	CORRECTED	( Thracia conquerred by Seleucid )	( Thracia conquerred by Seleucid }	26
A3_nation_14_Media.v2.png	nation	14	OK	Nation Media	Nation Media	0
A3_nation_14_Media.v2.png	nation	14	OK	Leader Samuramat	Leader Samuramat	1
A3_nation_14_Media.v2.png	nation	14	OK	Capital Ecbatana	Capital Ecbatana	2
A3_nation_14_Media.v2.png	nation	14	OK	Cities 14	Cities 14	3
A3_nation_14_Media.v2.png	nation	14	OK	Population 50,000	Population 50,000	4
A3_nation_14_Media.v2.png	nation	14	OK	Unity	Unity	5
A3_nation_14_Media.v2.png	nation	14	OK	Tax rate 7%	Tax rate 7%	6
A3_nation_14_Media.v2.png	nation	14	OK	INTERNATIONAL RELATIONS	INTERNATIONAL RELATIONS	10
A3_nation_14_Media.v2.png	nation	14	OK	Rome	Rome	11
A3_nation_14_Media.v2.png	nation	14	OK	Carthage	Carthage	12
A3_nation_14_Media.v2.png	nation	14	OK	Seleucid trade	Seleucid trade	13
A3_nation_14_Media.v2.png	nation	14	OK	Ptolemaic	Ptolemaic	14
A3_nation_14_Media.v2.png	nation	14	OK	Macedonia	Macedonia	15
A3_nation_14_Media.v2.png	nation	14	OK	Numidia	Numidia	16
A3_nation_14_Media.v2.png	nation	14	OK	Gaul	Gaul	17
A3_nation_14_Media.v2.png	nation	14	OK	Greece	Greece	18
A3_nation_14_Media.v2.png	nation	14	OK	Celtiberia trade	Celtiberia trade	19
A3_nation_14_Media.v2.png	nation	14	OK	Illyria trade	Illyria trade	20
A3_nation_14_Media.v2.png	nation	14	OK	Dacia	Dacia	21
A3_nation_14_Media.v2.png	nation	14	OK	Bithynia	Bithynia	22
A3_nation_14_Media.v2.png	nation	14	OK	Galatia	Galatia	23
A3_nation_14_Media.v2.png	nation	14	OK	Armenia ally	Armenia ally	24
A3_nation_14_Media.v2.png	nation	14	CORRECTED	( Thracia conquerred by Seleucid )	( Thracia conquerred by Seleucid }	26
A4_army_00_left.png	army_left	0	OK	Army of Rome	Army of Rome	0
A4_army_00_left.png	army_left	0	OK	Moves 0	Moves 0	1
A4_army_00_left.png	army_left	0	OK	Supply 173 tons (72%)	Supply 173 tons (72%)	2
A4_army_00_left.png	army_left	0	OK	Morale very low	Morale very low	3
A4_army_00_left.png	army_left	0	OK	Money 5 talents	Money 5 talents	4
A4_army_00_left.png	army_left	0	OK	Terrain Plain	Terrain Plain	5
A4_army_00_left.png	army_left	0	OK	Light infantry 4,800	Light infantry 4,800	7
A4_army_00_left.png	army_left	0	OK	Heavy infantry 16,100	Heavy infantry 16,100	8
A4_army_00_left.png	army_left	0	OK	Archers 0	Archers 0	9
A4_army_00_left.png	army_left	0	OK	Light cavalry 900	Light cavalry 900	10
A4_army_00_left.png	army_left	0	OK	Heavy cavalry 1,900	Heavy cavalry 1,900	11
A4_army_00_left.png	army_left	0	OK	Total troops 23,700	Total troops 23,700	12
A4_army_00_left.png	army_left	0	OK	No. of units 6	No. of units 6	13
A4_army_00_left.png	army_left	0	OK	Regulars cost 232 talents per quarter	Regulars cost 232 talents per quarter	15
A4_army_00_left.png	army_left	0	OK	Mercenary pay 0 talents per quarter	Mercenary pay 0 talents per quarter	16
A4_army_00_right.png	army_right	0	SCROLLBAR-ARTIFACT		(<j >)	
A4_army_00_right.png	army_right	0	OK	Army of Rome	Army of Rome	0
A4_army_00_right.png	army_right	0	OK-ordinal	1st Foot Battalion Light infantry 4,800 average	lst Foot Battalion Light infantry 4,800 average	1
A4_army_00_right.png	army_right	0	CLIPPED-right	1st Guards Battalion Heavy infantry 5,000 very good	1st Guards Battalion Heavy infantry 5,000 very	2
A4_army_00_right.png	army_right	0	CLIPPED-right	2nd Guards Battalion Heavy infantry 5,200 good	2nd Guards Battalion Heavy infantry 5,200 goox	3
A4_army_00_right.png	army_right	0	OK	3rd Guards Battalion Heavy infantry 5,900 good	3rd Guards Battalion Heavy infantry 5,900 good	4
A4_army_00_right.png	army_right	0	OK-ordinal	1st Lancers Battalion Light cavalry 900 average	lst Lancers Battalion Light cavalry 900 average	5
A4_army_00_right.png	army_right	0	CLIPPED-right	1st Dragoons Battalion Heavy cavalry 1,900 good	1st Dragoons Battalion Heavy cavalry 1,900 goc	6
A4_army_01_left.png	army_left	1	OK	Army of Rome	Army of Rome	0
A4_army_01_left.png	army_left	1	OK	Moves 3	Moves 3	1
A4_army_01_left.png	army_left	1	OK	Supply 216 tons (234%)	Supply 216 tons (234%)	2
A4_army_01_left.png	army_left	1	OK	Morale very low	Morale very low	3
A4_army_01_left.png	army_left	1	OK	Money 22 talents	Money 22 talents	4
A4_army_01_left.png	army_left	1	OK	Terrain Desert	Terrain Desert	5
A4_army_01_left.png	army_left	1	OK	Light infantry 199	Light infantry 199	7
A4_army_01_left.png	army_left	1	OK	Heavy infantry 5,699	Heavy infantry 5,699	8
A4_army_01_left.png	army_left	1	OK	Archers 0	Archers 0	9
A4_army_01_left.png	army_left	1	OK	Light cavalry 1,500	Light cavalry 1,500	10
A4_army_01_left.png	army_left	1	OK	Heavy cavalry 1,800	Heavy cavalry 1,800	11
A4_army_01_left.png	army_left	1	OK	Total troops 9,198	Total troops 9,198	12
A4_army_01_left.png	army_left	1	OK	No. of units 6	No. of units 6	13
A4_army_01_left.png	army_left	1	OK	Regulars cost 111 talents per quarter	Regulars cost 111 talents per quarter	15
A4_army_01_left.png	army_left	1	OK	Mercenary pay 0 talents per quarter	Mercenary pay 0 talents per quarter	16
A4_army_01_right.png	army_right	1	SCROLLBAR-ARTIFACT		<j] >|	
A4_army_01_right.png	army_right	1	OK	Army of Rome	Army of Rome	0
A4_army_01_right.png	army_right	1	OK	2nd Foot Battalion Light infantry 199 average	2nd Foot Battalion Light infantry 199 average	1
A4_army_01_right.png	army_right	1	CLIPPED-right	4th Guards Battalion Heavy infantry 399 very good	4th Guards Battalion Heavy infantry 399 verygi	2
A4_army_01_right.png	army_right	1	OK	5th Guards Battalion Heavy infantry 200 good	5th Guards Battalion Heavy infantry 200 good	3
A4_army_01_right.png	army_right	1	OK	6th Guards Battalion Heavy infantry 5,100 good	6th Guards Battalion Heavy infantry 5,100 good	4
A4_army_01_right.png	army_right	1	OK	2nd Lancers Battalion Light cavalry 1,500 good	2nd Lancers Battalion Light cavalry 1,500 good	5
A4_army_01_right.png	army_right	1	CLIPPED-right	2nd Dragoons Battalion Heavy cavalry 1,800 good	2nd Dragoons Battalion Heavy cavalry 1,800 go	6
A4_army_02_left.png	army_left	2	OK	Army of Rome	Army of Rome	0
A4_army_02_left.png	army_left	2	OK	Moves 6	Moves 6	1
A4_army_02_left.png	army_left	2	OK	Supply 308 tons (90%)	Supply 308 tons (90%)	2
A4_army_02_left.png	army_left	2	OK	Morale very low	Morale very low	3
A4_army_02_left.png	army_left	2	OK	Money 39 talents	Money 39 talents	4
A4_army_02_left.png	army_left	2	OK	Terrain Forest	Terrain Forest	5
A4_army_02_left.png	army_left	2	OK	Light infantry 16,800	Light infantry 16,800	7
A4_army_02_left.png	army_left	2	OK	Heavy infantry 12,700	Heavy infantry 12,700	8
A4_army_02_left.png	army_left	2	OK	Archers 0	Archers 0	9
A4_army_02_left.png	army_left	2	OK	Light cavalry 1,200	Light cavalry 1,200	10
A4_army_02_left.png	army_left	2	OK	Heavy cavalry 3,200	Heavy cavalry 3,200	11
A4_army_02_left.png	army_left	2	OK	Total troops 33,900	Total troops 33,900	12
A4_army_02_left.png	army_left	2	OK	No. of units 8	No. of units 8	13
A4_army_02_left.png	army_left	2	OK	Regulars cost 54 talents per quarter	Regulars cost 54 talents per quarter	15
A4_army_02_left.png	army_left	2	OK	Mercenary pay 304 talents per quarter	Mercenary pay 304 talents per quarter	16
A4_army_02_right.png	army_right	2	SCROLLBAR-ARTIFACT		>|	
A4_army_02_right.png	army_right	2	SCROLLBAR-ARTIFACT		i<}	
A4_army_02_right.png	army_right	2	OK	Army of Rome	Army of Rome	0
A4_army_02_right.png	army_right	2	OK	Numidian Light infantry 7,800 good	Numidian Light infantry 7,800 good	1
A4_army_02_right.png	army_right	2	OK	Celtiberian Light infantry 9,000 poor	Celtiberian Light infantry 9,000 poor	2
A4_army_02_right.png	army_right	2	CLIPPED-right	1st Guards Battalion Heavy infantry 3,500 very good	lst Guards Battalion Heavy infantry 3,500 very	3
A4_army_02_right.png	army_right	2	OK	Celtiberian Heavy infantry 5,200 good	Celtiberian Heavy infantry 5,200 good	4
A4_army_02_right.png	army_right	2	OK	Celtiberian Heavy infantry 4,000 average	Celtiberian Heavy infantry 4,000 average	5
A4_army_02_right.png	army_right	2	OK	Numidian Light cavalry 1,200 average	Numidian Light cavalry 1,200 average	6
A4_army_02_right.png	army_right	2	CLIPPED-right	1st Dragoons Battalion Heavy cavalry 1,100 good	1st Dragoons Battalion Heavy cavalry 1,100 goc	7
A4_army_02_right.png	army_right	2	OK	Numidian Heavy cavalry 2,100 very good	Numidian Heavy cavalry 2,100 very good	8
A4_army_03_left.png	army_left	3	OK	Army of Rome	Army of Rome	0
A4_army_03_left.png	army_left	3	OK	Moves 9	Moves 9	1
A4_army_03_left.png	army_left	3	OK	Supply 204 tons (109%)	Supply 204 tons (109%)	2
A4_army_03_left.png	army_left	3	OK	Morale low	Morale low	3
A4_army_03_left.png	army_left	3	OK	Money 56 talents	Money 56 talents	4
A4_army_03_left.png	army_left	3	OK	Terrain Mountains	Terrain Mountains	5
A4_army_03_left.png	army_left	3	OK	Light infantry 4,800	Light infantry 4,800	7
A4_army_03_left.png	army_left	3	OK	Heavy infantry 8,000	Heavy infantry 8,000	8
A4_army_03_left.png	army_left	3	OK	Archers 2,700	Archers 2,700	9
A4_army_03_left.png	army_left	3	OK	Light cavalry 0	Light cavalry 0	10
A4_army_03_left.png	army_left	3	OK	Heavy cavalry 3,100	Heavy cavalry 3,100	11
A4_army_03_left.png	army_left	3	OK	Total troops 18,600	Total troops 18,600	12
A4_army_03_left.png	army_left	3	OK	No. of units 6	No. of units 6	13
A4_army_03_left.png	army_left	3	OK	Regulars cost 42 talents per quarter	Regulars cost 42 talents per quarter	15
A4_army_03_left.png	army_left	3	OK	Mercenary pay 182 talents per quarter	Mercenary pay 182 talents per quarter	16
A4_army_03_right.png	army_right	3	SCROLLBAR-ARTIFACT		<j] >|	
A4_army_03_right.png	army_right	3	OK	Army of Rome	Army of Rome	0
A4_army_03_right.png	army_right	3	OK	Greek Light infantry 4,800 good	Greek Light infantry 4,800 good	1
A4_army_03_right.png	army_right	3	CLIPPED-right	2nd Guards Battalion Heavy infantry 2,300 average	2nd Guards Battalion Heavy infantry 2,300 aver	2
A4_army_03_right.png	army_right	3	OK	Greek Heavy infantry 5,700 good	Greek Heavy infantry 5,700 good	3
A4_army_03_right.png	army_right	3	OK	Moor Archers 2,700 average	Moor Archers 2,700 average	4
A4_army_03_right.png	army_right	3	CLIPPED-right	2nd Dragoons Battalion Heavy cavalry 1,100 poor	2nd Dragoons Battalion Heavy cavalry 1,100 po	5
A4_army_03_right.png	army_right	3	OK	Numidian Heavy cavalry 2,000 good	Numidian Heavy cavalry 2,000 good	6
A4_army_04_left.png	army_left	4	OK	Army of Rome	Army of Rome	0
A4_army_04_left.png	army_left	4	OK	Moves 1	Moves 1	1
A4_army_04_left.png	army_left	4	OK	Supply 523 tons (140%)	Supply 523 tons (140%)	2
A4_army_04_left.png	army_left	4	OK	Morale low	Morale low	3
A4_army_04_left.png	army_left	4	OK	Money 73 talents	Money 73 talents	4
A4_army_04_left.png	army_left	4	OK	Terrain Plain	Terrain Plain	5
A4_army_04_left.png	army_left	4	OK	Light infantry 22,540	Light infantry 22,540	7
A4_army_04_left.png	army_left	4	OK	Heavy infantry 6,900	Heavy infantry 6,900	8
A4_army_04_left.png	army_left	4	OK	Archers 4,280	Archers 4,280	9
A4_army_04_left.png	army_left	4	OK	Light cavalry 1,480	Light cavalry 1,480	10
A4_army_04_left.png	army_left	4	OK	Heavy cavalry 2,000	Heavy cavalry 2,000	11
A4_army_04_left.png	army_left	4	OK	Total troops 37,200	Total troops 37,200	12
A4_army_04_left.png	army_left	4	OK	No. of units 10	No. of units 10	13
A4_army_04_left.png	army_left	4	OK	Regulars cost 156 talents per quarter	Regulars cost 156 talents per quarter	15
A4_army_04_left.png	army_left	4	OK	Mercenary pay 151 talents per quarter	Mercenary pay 151 talents per quarter	16
A4_army_04_right.png	army_right	4	SCROLLBAR-ARTIFACT		(<j >)	
A4_army_04_right.png	army_right	4	OK	Army of Rome	Army of Rome	0
A4_army_04_right.png	army_right	4	OK-ordinal	1st Foot Battalion Light infantry 5,720 average	lst Foot Battalion Light infantry 5,720 average	1
A4_army_04_right.png	army_right	4	OK	2nd Foot Battalion Light infantry 6,220 average	2nd Foot Battalion Light infantry 6,220 average	2
A4_army_04_right.png	army_right	4	OK	Greek Light infantry 4,180 very good	Greek Light infantry 4,180 very good	3
A4_army_04_right.png	army_right	4	OK	Persian Light infantry 6,420 average	Persian Light infantry 6,420 average	4
A4_army_04_right.png	army_right	4	OK	1st Guards Battalion Heavy infantry 2,680 good	1st Guards Battalion Heavy infantry 2,680 good	5
A4_army_04_right.png	army_right	4	OK	Greek Heavy infantry 4,220 very good	Greek Heavy infantry 4,220 very good	6
A4_army_04_right.png	army_right	4	OK	1st Bowmen Battalion Archers 2,140 average	1st Bowmen Battalion Archers 2,140 average	7
A4_army_04_right.png	army_right	4	CLIPPED-right	1st Dragoons Battalion Heavy cavalry 2,000 very good	1st Dragoons Battalion Heavy cavalry 2,000 ver	8
A4_army_04_right.png	army_right	4	OK	Mysian Archers 2,140 good	Mysian Archers 2,140 good	9
A4_army_04_right.png	army_right	4	CLIPPED-right	1st Lancers Battalion Light cavalry 1,480 average	lst Lancers Battalion Light cavalry 1,480 avera	10
A4_army_05_left.png	army_left	5	OK	Army of Rome	Army of Rome	0
A4_army_05_left.png	army_left	5	OK	Moves 4	Moves 4	1
A4_army_05_left.png	army_left	5	OK	Supply 561 tons (150%)	Supply 561 tons (150%)	2
A4_army_05_left.png	army_left	5	OK	Morale normal	Morale normal	3
A4_army_05_left.png	army_left	5	OK	Money 90 talents	Money 90 talents	4
A4_army_05_left.png	army_left	5	OK	Terrain River	Terrain River	5
A4_army_05_left.png	army_left	5	OK	Light infantry 23,000	Light infantry 23,000	7
A4_army_05_left.png	army_left	5	OK	Heavy infantry 9,300	Heavy infantry 9,300	8
A4_army_05_left.png	army_left	5	OK	Archers 1,200	Archers 1,200	9
A4_army_05_left.png	army_left	5	OK	Light cavalry 2,400	Light cavalry 2,400	10
A4_army_05_left.png	army_left	5	OK	Heavy cavalry 1,400	Heavy cavalry 1,400	11
A4_army_05_left.png	army_left	5	OK	Total troops 37,300	Total troops 37,300	12
A4_army_05_left.png	army_left	5	OK	No. of units 9	No. of units 9	13
A4_army_05_left.png	army_left	5	OK	Regulars cost 220 talents per quarter	Regulars cost 220 talents per quarter	15
A4_army_05_left.png	army_left	5	OK	Mercenary pay 73 talents per quarter	Mercenary pay 73 talents per quarter	16
A4_army_05_right.png	army_right	5	SCROLLBAR-ARTIFACT		<j] >|	
A4_army_05_right.png	army_right	5	OK	Army of Rome	Army of Rome	0
A4_army_05_right.png	army_right	5	OK	3rd Foot Battalion Light infantry 8,700 poor	3rd Foot Battalion Light infantry 8,700 poor	1
A4_army_05_right.png	army_right	5	OK	4th Foot Battalion Light infantry 7,800 poor	4th Foot Battalion Light infantry 7,800 poor	2
A4_army_05_right.png	army_right	5	OK	Cilician Light infantry 6,500 good	Cilician Light infantry 6,500 good	3
A4_army_05_right.png	army_right	5	CLIPPED-right	2nd Guards Battalion Heavy infantry 5,000 good	2nd Guards Battalion Heavy infantry 5,000 goox	4
A4_army_05_right.png	army_right	5	OK	3rd Guards Battalion Heavy infantry 4,300 good	3rd Guards Battalion Heavy infantry 4,300 good	5
A4_army_05_right.png	army_right	5	OK	3rd Bowmen Battalion Archers 1,200 average	3rd Bowmen Battalion Archers 1,200 average	6
A4_army_05_right.png	army_right	5	CLIPPED-right	2nd Lancers Battalion Light cavalry 900 average	2nd Lancers Battalion Light cavalry 900 averag	7
A4_army_05_right.png	army_right	5	OK	Cilician Light cavalry 1,500 good	Cilician Light cavalry 1,500 good	8
A4_army_05_right.png	army_right	5	CLIPPED-right	2nd Dragoons Battalion Heavy cavalry 1,400 good	2nd Dragoons Battalion Heavy cavalry 1,400 go	9
A4_army_06_left.png	army_left	6	OK	Army of Rome	Army of Rome	0
A4_army_06_left.png	army_left	6	OK	Moves 7	Moves 7	1
A4_army_06_left.png	army_left	6	OK	Supply 367 tons (166%)	Supply 367 tons (166%)	2
A4_army_06_left.png	army_left	6	OK	Morale normal	Morale normal	3
A4_army_06_left.png	army_left	6	OK	Money 107 talents	Money 107 talents	4
A4_army_06_left.png	army_left	6	OK	Terrain River	Terrain River	5
A4_army_06_left.png	army_left	6	OK	Light infantry 16,800	Light infantry 16,800	7
A4_army_06_left.png	army_left	6	OK	Heavy infantry 2,700	Heavy infantry 2,700	8
A4_army_06_left.png	army_left	6	OK	Archers 0	Archers 0	9
A4_army_06_left.png	army_left	6	OK	Light cavalry 2,500	Light cavalry 2,500	10
A4_army_06_left.png	army_left	6	OK	Heavy cavalry 0	Heavy cavalry 0	11
A4_army_06_left.png	army_left	6	OK	Total troops 22,000	Total troops 22,000	12
A4_army_06_left.png	army_left	6	OK	No. of units 6	No. of units 6	13
A4_army_06_left.png	army_left	6	OK	Regulars cost 103 talents per quarter	Regulars cost 103 talents per quarter	15
A4_army_06_left.png	army_left	6	OK	Mercenary pay 54 talents per quarter	Mercenary pay 54 talents per quarter	16
A4_army_06_right.png	army_right	6	SCROLLBAR-ARTIFACT		i<j >)	
A4_army_06_right.png	army_right	6	OK	Army of Rome	Army of Rome	0
A4_army_06_right.png	army_right	6	OK	1st Foot Battalion Light infantry 6,300 average	1st Foot Battalion Light infantry 6,300 average	1
A4_army_06_right.png	army_right	6	OK	2nd Foot Battalion Light infantry 6,300 average	2nd Foot Battalion Light infantry 6,300 average	2
A4_army_06_right.png	army_right	6	OK	Bactrian Light infantry 4,200 average	Bactrian Lightinfantry 4,200 average	3
A4_army_06_right.png	army_right	6	CLIPPED-right	1st Guards Battalion Heavy infantry 2,700 average	1st Guards Battalion Heavy infantry 2,700 aver	4
A4_army_06_right.png	army_right	6	OK	1st Lancers Battalion Light cavalry 1,100 poor	1st Lancers Battalion Light cavalry 1,100 poor	5
A4_army_06_right.png	army_right	6	OK	Thessalian Light cavalry 1,400 good	Thessalian Light cavalry 1,400 good	6
A4_army_07_left.png	army_left	7	OK	Army of Rome	Army of Rome	0
A4_army_07_left.png	army_left	7	OK	Moves 10	Moves 10	1
A4_army_07_left.png	army_left	7	OK	Supply 902 tons (140%)	Supply 902 tons (140%)	2
A4_army_07_left.png	army_left	7	OK	Morale high	Morale high	3
A4_army_07_left.png	army_left	7	OK	Money 124 talents	Money 124 talents	4
A4_army_07_left.png	army_left	7	OK	Terrain Sea	Terrain Sea	5
A4_army_07_left.png	army_left	7	OK	Light infantry 48,730	Light infantry 48,730	7
A4_army_07_left.png	army_left	7	OK	Heavy infantry 9,500	Heavy infantry 9,500	8
A4_army_07_left.png	army_left	7	OK	Archers 1,200	Archers 1,200	9
A4_army_07_left.png	army_left	7	OK	Light cavalry 1,700	Light cavalry 1,700	10
A4_army_07_left.png	army_left	7	OK	Heavy cavalry 2,900	Heavy cavalry 2,900	11
A4_army_07_left.png	army_left	7	OK	Total troops 64,030	Total troops 64,030	12
A4_army_07_left.png	army_left	7	OK	No. of units 11	No. of units 11	13
A4_army_07_left.png	army_left	7	OK	Regulars cost 169 talents per quarter	Regulars cost 169 talents per quarter	15
A4_army_07_left.png	army_left	7	OK	Mercenary pay 348 talents per quarter	Mercenary pay 348 talents per quarter	16
A4_army_07_right.png	army_right	7	SCROLLBAR-ARTIFACT		i<j >|	
A4_army_07_right.png	army_right	7	OK	Army of Rome	Army of Rome	0
A4_army_07_right.png	army_right	7	OK	3rd Foot Battalion Light infantry 8,600 poor	3rd Foot Battalion Light infantry 8,600 poor	1
A4_army_07_right.png	army_right	7	OK	4th Foot Battalion Light infantry 10,000 poor	4th Foot Battalion Light infantry 10,000 poor	2
A4_army_07_right.png	army_right	7	OK	Greek Light infantry 9,000 good	Greek Light infantry 9,000 good	3
A4_army_07_right.png	army_right	7	OK	Elymaian Light infantry 13,500 average	Elymaian Light infantry 13,500 average	4
A4_army_07_right.png	army_right	7	CLIPPED-right	2nd Guards Battalion Heavy infantry 3,500 average	2nd Guards Battalion Heavy infantry 3,500 aver	5
A4_army_07_right.png	army_right	7	OK	Greek Heavy infantry 6,000 very good	Greek Heavy infantry 6,000 very good	6
A4_army_07_right.png	army_right	7	OK-ordinal	1st Bowmen Battalion Archers 1,200 poor	lst Bowmen Battalion Archers 1,200 poor	7
A4_army_07_right.png	army_right	7	OK	Elymaian Light cavalry 1,700 average	Elymaian Light cavalry 1,700 average	8
A4_army_07_right.png	army_right	7	CLIPPED-right	2nd Dragoons Battalion Heavy cavalry 1,800 good	2nd Dragoons Battalion Heavy cavalry 1,800 go	9
A4_army_07_right.png	army_right	7	OK	Elymaian Heavy cavalry 1,100 good	Elymaian Heavy cavalry 1,100 good	10
A4_army_07_right.png	army_right	7	OK	Egyptian Light infantry 7,630 good	Egyptian Light infantry 7,630 good	11
A4_army_08_left.png	army_left	8	OK	Army of Rome	Army of Rome	0
A4_army_08_left.png	army_left	8	OK	Moves 2	Moves 2	1
A4_army_08_left.png	army_left	8	OK	Supply 597 tons (200%)	Supply 597 tons (200%)	2
A4_army_08_left.png	army_left	8	OK	Morale high	Morale high	3
A4_army_08_left.png	army_left	8	OK	Money 141 talents	Money 141 talents	4
A4_army_08_left.png	army_left	8	OK	Terrain Sea	Terrain Sea	5
A4_army_08_left.png	army_left	8	OK	Light infantry 12,300	Light infantry 12,300	7
A4_army_08_left.png	army_left	8	OK	Heavy infantry 15,400	Heavy infantry 15,400	8
A4_army_08_left.png	army_left	8	OK	Archers 0	Archers 0	9
A4_army_08_left.png	army_left	8	OK	Light cavalry 1,300	Light cavalry 1,300	10
A4_army_08_left.png	army_left	8	OK	Heavy cavalry 800	Heavy cavalry 800	11
A4_army_08_left.png	army_left	8	OK	Total troops 29,800	Total troops 29,800	12
A4_army_08_left.png	army_left	8	OK	No. of units 7	No. of units 7	13
A4_army_08_left.png	army_left	8	OK	Regulars cost 171 talents per quarter	Regulars cost 171 talents per quarter	15
A4_army_08_left.png	army_left	8	OK	Mercenary pay 97 talents per quarter	Mercenary pay 97 talents per quarter	16
A4_army_08_right.png	army_right	8	SCROLLBAR-ARTIFACT		(<j >|	
A4_army_08_right.png	army_right	8	OK	Army of Rome	Army of Rome	0
A4_army_08_right.png	army_right	8	OK	1st Foot Battalion Light infantry 7,900 good	1st Foot Battalion Light infantry 7,900 good	1
A4_army_08_right.png	army_right	8	OK	Elymaian Light infantry 4,400 average	Elymaian Light infantry 4,400 average	2
A4_army_08_right.png	army_right	8	OK-ordinal	1st Guards Battalion Heavy infantry 5,700 elite	lst Guards Battalion Heavy infantry 5,700 elite	3
A4_army_08_right.png	army_right	8	OK	2nd Guards Battalion Heavy infantry 6,000 elite	2nd Guards Battalion Heavy infantry 6,000 elite	4
A4_army_08_right.png	army_right	8	OK	Greek Heavy infantry 3,700 good	Greek Heavy infantry 3,700 good	5
A4_army_08_right.png	army_right	8	OK	Elymaian Light cavalry 1,300 average	Elymaian Light cavalry 1,300 average	6
A4_army_08_right.png	army_right	8	CLIPPED-right	1st Dragoons Battalion Heavy cavalry 800 average	1st Dragoons Battalion Heavy cavalry 800 avera	7
A4_army_09_left.png	army_left	9	OK	Army of Rome	Army of Rome	0
A4_army_09_left.png	army_left	9	OK	Moves 5	Moves 5	1
A4_army_09_left.png	army_left	9	OK	Supply 608 tons (150%)	Supply 608 tons (150%)	2
A4_army_09_left.png	army_left	9	OK	Morale very high	Morale very high	3
A4_army_09_left.png	army_left	9	OK	Money 158 talents	Money 158 talents	4
A4_army_09_left.png	army_left	9	OK	Terrain Plain	Terrain Plain	5
A4_army_09_left.png	army_left	9	OK	Light infantry 33,600	Light infantry 33,600	7
A4_army_09_left.png	army_left	9	OK	Heavy infantry 4,900	Heavy infantry 4,900	8
A4_army_09_left.png	army_left	9	OK	Archers 0	Archers 0	9
A4_army_09_left.png	army_left	9	OK	Light cavalry 1,400	Light cavalry 1,400	10
A4_army_09_left.png	army_left	9	OK	Heavy cavalry 600	Heavy cavalry 600	11
A4_army_09_left.png	army_left	9	OK	Total troops 40,500	Total troops 40,500	12
A4_army_09_left.png	army_left	9	OK	No. of units 8	No. of units 8	13
A4_army_09_left.png	army_left	9	OK	Regulars cost 188 talents per quarter	Regulars cost 188 talents per quarter	15
A4_army_09_left.png	army_left	9	OK	Mercenary pay 65 talents per quarter	Mercenary pay 65 talents per quarter	16
A4_army_09_right.png	army_right	9	SCROLLBAR-ARTIFACT		i<j >)	
A4_army_09_right.png	army_right	9	OK	Army of Rome	Army of Rome	0
A4_army_09_right.png	army_right	9	OK	1st Foot Battalion Light infantry 8,000 poor	1st Foot Battalion Light infantry 8,000 poor	1
A4_army_09_right.png	army_right	9	OK	2nd Foot Battalion Light infantry 9,200 average	2nd Foot Battalion Light infantry 9,200 average	2
A4_army_09_right.png	army_right	9	OK	Ligurian Light infantry 7,800 poor	Ligurian Light infantry 7,800 poor	3
A4_army_09_right.png	army_right	9	OK	3rd Foot Battalion Light infantry 8,600 average	3rd Foot Battalion Light infantry 8,600 average	4
A4_army_09_right.png	army_right	9	OK	Spanish Heavy infantry 2,200 average	Spanish Heavy infantry 2,200 average	5
A4_army_09_right.png	army_right	9	CLIPPED-right	1st Guards Battalion Heavy infantry 2,700 average	1st Guards Battalion Heavy infantry 2,700 aver	6
A4_army_09_right.png	army_right	9	CLIPPED-right	1st Lancers Battalion Light cavalry 1,400 average	lst Lancers Battalion Light cavalry 1,400 avera	7
A4_army_09_right.png	army_right	9	OK	1st Dragoons Battalion Heavy cavalry 600 good	1st Dragoons Battalion Heavy cavalry 600 good	8
A4_army_10_left.png	army_left	10	OK	Army of Rome	Army of Rome	0
A4_army_10_left.png	army_left	10	OK	Moves 8	Moves 8	1
A4_army_10_left.png	army_left	10	OK	Supply 622 tons (183%)	Supply 622 tons (183%)	2
A4_army_10_left.png	army_left	10	OK	Morale very high	Morale very high	3
A4_army_10_left.png	army_left	10	OK	Money 175 talents	Money 175 talents	4
A4_army_10_left.png	army_left	10	OK	Terrain Desert	Terrain Desert	5
A4_army_10_left.png	army_left	10	OK	Light infantry 19,700	Light infantry 19,700	7
A4_army_10_left.png	army_left	10	OK	Heavy infantry 11,100	Heavy infantry 11,100	8
A4_army_10_left.png	army_left	10	OK	Archers 0	Archers 0	9
A4_army_10_left.png	army_left	10	OK	Light cavalry 1,400	Light cavalry 1,400	10
A4_army_10_left.png	army_left	10	OK	Heavy cavalry 1,700	Heavy cavalry 1,700	11
A4_army_10_left.png	army_left	10	OK	Total troops 33,900	Total troops 33,900	12
A4_army_10_left.png	army_left	10	OK	No. of units 7	No. of units 7	13
A4_army_10_left.png	army_left	10	OK	Regulars cost 177 talents per quarter	Regulars cost 177 talents per quarter	15
A4_army_10_left.png	army_left	10	OK	Mercenary pay 111 talents per quarter	Mercenary pay 111 talents per quarter	16
A4_army_10_right.png	army_right	10	SCROLLBAR-ARTIFACT		i<j >|	
A4_army_10_right.png	army_right	10	OK	Army of Rome	Army of Rome	0
A4_army_10_right.png	army_right	10	OK	1st Foot Battalion Light infantry 7,800 poor	1st Foot Battalion Light infantry 7,800 poor	1
A4_army_10_right.png	army_right	10	OK	2nd Foot Battalion Light infantry 5,900 good	2nd Foot Battalion Light infantry 5,900 good	2
A4_army_10_right.png	army_right	10	OK	Gallic Light infantry 6,000 average	Gallic Light infantry 6,000 average	3
A4_army_10_right.png	army_right	10	CLIPPED-right	1st Guards Battalion Heavy infantry 5,700 average	1st Guards Battalion Heavy infantry 5,700 aver	4
A4_army_10_right.png	army_right	10	OK	Greek Heavy infantry 5,400 good	Greek Heavy infantry 5,400 good	5
A4_army_10_right.png	army_right	10	CLIPPED-right	1st Lancers Battalion Light cavalry 1,400 average	lst Lancers Battalion Light cavalry 1,400 avera	6
A4_army_10_right.png	army_right	10	CLIPPED-right	1st Dragoons Battalion Heavy cavalry 1,700 average	1st Dragoons Battalion Heavy cavalry 1,700 ave	7
A4_army_11_left.png	army_left	11	OK	Army of Rome	Army of Rome	0
A4_army_11_left.png	army_left	11	OK	Moves 0	Moves 0	1
A4_army_11_left.png	army_left	11	OK	Supply 635 tons (188%)	Supply 635 tons (188%)	2
A4_army_11_left.png	army_left	11	OK	Morale excellent	Morale excellent	3
A4_army_11_left.png	army_left	11	OK	Money 192 talents	Money 192 talents	4
A4_army_11_left.png	army_left	11	OK	Terrain Forest	Terrain Forest	5
A4_army_11_left.png	army_left	11	OK	Light infantry 17,100	Light infantry 17,100	7
A4_army_11_left.png	army_left	11	OK	Heavy infantry 10,800	Heavy infantry 10,800	8
A4_army_11_left.png	army_left	11	OK	Archers 2,100	Archers 2,100	9
A4_army_11_left.png	army_left	11	OK	Light cavalry 1,800	Light cavalry 1,800	10
A4_army_11_left.png	army_left	11	OK	Heavy cavalry 1,800	Heavy cavalry 1,800	11
A4_army_11_left.png	army_left	11	OK	Total troops 33,600	Total troops 33,600	12
A4_army_11_left.png	army_left	11	OK	No. of units 8	No. of units 8	13
A4_army_11_left.png	army_left	11	OK	Regulars cost 201 talents per quarter	Regulars cost 201 talents per quarter	15
A4_army_11_left.png	army_left	11	OK	Mercenary pay 79 talents per quarter	Mercenary pay 79 talents per quarter	16
A4_army_11_right.png	army_right	11	SCROLLBAR-ARTIFACT		i<j >)	
A4_army_11_right.png	army_right	11	OK	Army of Rome	Army of Rome	0
A4_army_11_right.png	army_right	11	OK	Sarmatian Light infantry 8,700 average	Sarmatian Light infantry 8,700 average	1
A4_army_11_right.png	army_right	11	OK-ordinal	1st Foot Battalion Light infantry 8,400 average	lst Foot Battalion Light infantry 8,400 average	2
A4_army_11_right.png	army_right	11	CLIPPED-right	1st Guards Battalion Heavy infantry 4,800 average	lst Guards Battalion Heavy infantry 4,800 aver	3
A4_army_11_right.png	army_right	11	CLIPPED-right	2nd Guards Battalion Heavy infantry 6,000 average	2nd Guards Battalion Heavy infantry 6,000 aver	4
A4_army_11_right.png	army_right	11	OK	Rhodian Archers 2,100 average	Rhodian Archers 2,100 average	5
A4_army_11_right.png	army_right	11	OK-ordinal	1st Lancers Battalion Light cavalry 1,000 poor	lst Lancers Battalion Light cavalry 1,000 poor	6
A4_army_11_right.png	army_right	11	OK	Rhoxolani Light cavalry 800 good	Rhoxolani Light cavalry 800 good	7
A4_army_11_right.png	army_right	11	CLIPPED-right	1st Dragoons Battalion Heavy cavalry 1,800 good	1st Dragoons Battalion Heavy cavalry 1,800 goc	8
A4_army_12_left.png	army_left	12	OK	Army of Rome	Army of Rome	0
A4_army_12_left.png	army_left	12	OK	Moves 3	Moves 3	1
A4_army_12_left.png	army_left	12	OK	Supply 588 tons (304%)	Supply 588 tons (304%)	2
A4_army_12_left.png	army_left	12	OK	Morale excellent	Morale excellent	3
A4_army_12_left.png	army_left	12	OK	Money 209 talents	Money 209 talents	4
A4_army_12_left.png	army_left	12	OK	Terrain Mountains	Terrain Mountains	5
A4_army_12_left.png	army_left	12	OK	Light infantry 12,200	Light infantry 12,200	7
A4_army_12_left.png	army_left	12	OK	Heavy infantry 3,500	Heavy infantry 3,500	8
A4_army_12_left.png	army_left	12	OK	Archers 0	Archers 0	9
A4_army_12_left.png	army_left	12	OK	Light cavalry 2,800	Light cavalry 2,800	10
A4_army_12_left.png	army_left	12	OK	Heavy cavalry 800	Heavy cavalry 800	11
A4_army_12_left.png	army_left	12	OK	Total troops 19,300	Total troops 19,300	12
A4_army_12_left.png	army_left	12	OK	No. of units 5	No. of units 5	13
A4_army_12_left.png	army_left	12	OK	Regulars cost 77 talents per quarter	Regulars cost 77 talents per quarter	15
A4_army_12_left.png	army_left	12	OK	Mercenary pay 97 talents per quarter	Mercenary pay 97 talents per quarter	16
A4_army_12_right.png	army_right	12	SCROLLBAR-ARTIFACT		(<j >|	
A4_army_12_right.png	army_right	12	OK	Army of Rome	Army of Rome	0
A4_army_12_right.png	army_right	12	OK	1st Foot Battalion Light infantry 5,800 average	1st Foot Battalion Light infantry 5,800 average	1
A4_army_12_right.png	army_right	12	OK	2nd Foot Battalion Light infantry 6,400 good	2nd Foot Battalion Light infantry 6,400 good	2
A4_army_12_right.png	army_right	12	OK	Galatian Heavy infantry 3,500 good	Galatian Heavy infantry 3,500 good	3
A4_army_12_right.png	army_right	12	OK	Getai Light cavalry 2,800 average	Getai Light cavalry 2,800 average	4
A4_army_12_right.png	army_right	12	CLIPPED-right	1st Dragoons Battalion Heavy cavalry 800 average	1st Dragoons Battalion Heavy cavalry 800 avera	5
A4_army_13_left.png	army_left	13	OK	Army of Rome	Army of Rome	0
A4_army_13_left.png	army_left	13	OK	Moves 6	Moves 6	1
A4_army_13_left.png	army_left	13	OK	Supply 861 tons (228%)	Supply 861 tons (228%)	2
A4_army_13_left.png	army_left	13	OK	Morale	Morale	3
A4_army_13_left.png	army_left	13	OK	Money 226 talents	Money 226 talents	4
A4_army_13_left.png	army_left	13	OK	Terrain Plain	Terrain Plain	5
A4_army_13_left.png	army_left	13	OK	Light infantry 22,500	Light infantry 22,500	7
A4_army_13_left.png	army_left	13	OK	Heavy infantry 5,300	Heavy infantry 5,300	8
A4_army_13_left.png	army_left	13	OK	Archers 800	Archers 800	9
A4_army_13_left.png	army_left	13	OK	Light cavalry 8,200	Light cavalry 8,200	10
A4_army_13_left.png	army_left	13	OK	Heavy cavalry 900	Heavy cavalry 900	11
A4_army_13_left.png	army_left	13	OK	Total troops 37,700	Total troops 37,700	12
A4_army_13_left.png	army_left	13	OK	No. of units 9	No. of units 9	13
A4_army_13_left.png	army_left	13	OK	Regulars cost 141 talents per quarter	Regulars cost 141 talents per quarter	15
A4_army_13_left.png	army_left	13	OK	Mercenary pay 222 talents per quarter	Mercenary pay 222 talents per quarter	16
A4_army_13_right.png	army_right	13	SCROLLBAR-ARTIFACT		(<j >)	
A4_army_13_right.png	army_right	13	OK	Army of Rome	Army of Rome	0
A4_army_13_right.png	army_right	13	OK-ordinal	1st Foot Battalion Light infantry 7,500 average	lst Foot Battalion Light infantry 7,500 average	1
A4_army_13_right.png	army_right	13	OK	2nd Foot Battalion Light infantry 6,900 average	2nd Foot Battalion Light infantry 6,900 average	2
A4_army_13_right.png	army_right	13	OK	Kardackian Light infantry 8,100 good	Kardackian Light infantry 8,100 good	3
A4_army_13_right.png	army_right	13	CLIPPED-right	1st Guards Battalion Heavy infantry 1,900 average	lst Guards Battalion Heavy infantry 1,900 aver:	4
A4_army_13_right.png	army_right	13	OK	Persian Heavy infantry 3,400 average	Persian Heavy infantry 3,400 average	5
A4_army_13_right.png	army_right	13	OK	Sarmatian Archers 800 good	Sarmatian Archers 800 good	6
A4_army_13_right.png	army_right	13	OK-ordinal	1st Lancers Battalion Light cavalry 2,400 poor	lst Lancers Battalion Light cavalry 2,400 poor	7
A4_army_13_right.png	army_right	13	OK	Scythian Light cavalry 5,800 good	Scythian Light cavalry 5,800 good	8
A4_army_13_right.png	army_right	13	CLIPPED-right	1st Dragoons Battalion Heavy cavalry 900 average	1st Dragoons Battalion Heavy cavalry 900 avera	9
A5_f5a_fleet2_left.png	fleet_left	2	OK	Fleet of Rome	Fleet of Rome	0
A5_f5a_fleet2_left.png	fleet_left	2	OK	Moves 25	Moves 25	1
A5_f5a_fleet2_left.png	fleet_left	2	OK	Ships 30	Ships 30	2
A5_f5a_fleet2_left.png	fleet_left	2	OK	Repair 55%	Repair 55%	3
A5_f5a_fleet2_left.png	fleet_left	2	OK	Supply 50 tons (20%)	Supply 50 tons (20%)	4
A5_f5a_fleet2_left.png	fleet_left	2	OK	Money 123 talents	Money 123 talents	5
A5_f5a_fleet2_left.png	fleet_left	2	OK	Capacity 15,000 troops	Capacity 15,000 troops	6
A5_f5a_fleet2_left.png	fleet_left	2	OK	Sea calm	Sea calm	7
A5_f5a_fleet2_left.png	fleet_left	2	OK	Army	Army	9
A5_f5a_fleet2_left.png	fleet_left	2	OK	Supply 0 tons (0%)	Supply 0 tons (0%)	10
A5_f5a_fleet2_left.png	fleet_left	2	OK	Morale very low	Morale very low	11
A5_f5a_fleet2_left.png	fleet_left	2	OK	Money 100 talents	Money 100 talents	12
A5_f5a_fleet2_left.png	fleet_left	2	OK	Light infantry 4,800	Light infantry 4,800	14
A5_f5a_fleet2_left.png	fleet_left	2	OK	Heavy infantry 5,000	Heavy infantry 5,000	15
A5_f5a_fleet2_left.png	fleet_left	2	OK	Archers 0	Archers 0	16
A5_f5a_fleet2_left.png	fleet_left	2	OK	Light cavalry 900	Light cavalry 900	17
A5_f5a_fleet2_left.png	fleet_left	2	OK	Heavy cavalry 0	Heavy cavalry 0	18
A5_f5a_fleet2_left.png	fleet_left	2	OK	Total troops 10,700	Total troops 10,700	19
A5_f5a_fleet2_left.png	fleet_left	2	OK	No. of units 3	No. of units 3	20
A5_f5a_fleet2_left.png	fleet_left	2	OK	Regulars cost 86 talents per quarter	Regulars cost 86 talents per quarter	22
A5_f5a_fleet2_left.png	fleet_left	2	OK	Mercenary pay 0 talents per quarter	Mercenary pay 0 talents per quarter	23
A5_f5a_fleet2_right.png	fleet_right	2	SCROLLBAR-ARTIFACT		(<j >)	
A5_f5a_fleet2_right.png	fleet_right	2	OK	Army of Rome	Army of Rome	0
A5_f5a_fleet2_right.png	fleet_right	2	OK-ordinal	1st Foot Battalion Light infantry 4,800 average	lst Foot Battalion Light infantry 4,800 average	1
A5_f5a_fleet2_right.png	fleet_right	2	CLIPPED-right	1st Guards Battalion Heavy infantry 5,000 very good	1st Guards Battalion Heavy infantry 5,000 very	2
A5_f5a_fleet2_right.png	fleet_right	2	OK-ordinal	1st Lancers Battalion Light cavalry 900 average	lst Lancers Battalion Light cavalry 900 average	3
A5_f5a_fleet0_left.png	fleet_left	0	OK	Fleet of Carthage	Fleet of Carthage	0
A5_f5a_fleet0_left.png	fleet_left	0	OK	Moves	Moves	1
A5_f5a_fleet0_left.png	fleet_left	0	OK	Ships 90	Ships 90	2
A5_f5a_fleet0_left.png	fleet_left	0	OK	Repair	Repair	3
A5_f5a_fleet0_left.png	fleet_left	0	OK	Supply	Supply	4
A5_f5a_fleet0_left.png	fleet_left	0	OK	Money	Money	5
A5_f5a_fleet0_left.png	fleet_left	0	OK	Capacity 45,000 troops	Capacity 45,000 troops	6
A5_f5a_fleet0_left.png	fleet_left	0	OK	Sea rough	Sea rough	7
A5_f5a_fleet0_right.png	fleet_right	0	OK	Fleet of Carthage	Fleet of Carthage	0
A5_f5a_fleet0_right.png	fleet_right	0	OK	Moves	Moves	1
A5_f5a_fleet0_right.png	fleet_right	0	OK	Ships 90	Ships 90	2
A5_f5a_fleet0_right.png	fleet_right	0	OK	Repair	Repair	3
A5_f5a_fleet0_right.png	fleet_right	0	OK	Supply	Supply	4
A5_f5a_fleet0_right.png	fleet_right	0	OK	Money	Money	5
A5_f5a_fleet0_right.png	fleet_right	0	OK	Capacity 45,000 troops	Capacity 45,000 troops	6
A5_f5a_fleet0_right.png	fleet_right	0	OK	Sea rough	Sea rough	7
A5_f5a_fleet1_left.png	fleet_left	1	OK	Fleet of Ptolemaic	Fleet of Ptolemaic	0
A5_f5a_fleet1_left.png	fleet_left	1	OK	Moves	Moves	1
A5_f5a_fleet1_left.png	fleet_left	1	OK	Ships 70	Ships 70	2
A5_f5a_fleet1_left.png	fleet_left	1	OK	Repair	Repair	3
A5_f5a_fleet1_left.png	fleet_left	1	OK	Supply	Supply	4
A5_f5a_fleet1_left.png	fleet_left	1	OK	Money	Money	5
A5_f5a_fleet1_left.png	fleet_left	1	OK	Capacity 35,000 troops	Capacity 35,000 troops	6
A5_f5a_fleet1_left.png	fleet_left	1	OK	Sea rough	Sea rough	7
A5_f5a_fleet1_right.png	fleet_right	1	OK	Fleet of Ptolemaic	Fleet of Ptolemaic	0
A5_f5a_fleet1_right.png	fleet_right	1	OK	Moves	Moves	1
A5_f5a_fleet1_right.png	fleet_right	1	OK	Ships 70	Ships 70	2
A5_f5a_fleet1_right.png	fleet_right	1	OK	Repair	Repair	3
A5_f5a_fleet1_right.png	fleet_right	1	OK	Supply	Supply	4
A5_f5a_fleet1_right.png	fleet_right	1	OK	Money	Money	5
A5_f5a_fleet1_right.png	fleet_right	1	OK	Capacity 35,000 troops	Capacity 35,000 troops	6
A5_f5a_fleet1_right.png	fleet_right	1	OK	Sea rough	Sea rough	7
A5_f5b_fleet2_left.png	fleet_left	2	OK	Fleet of Rome	Fleet of Rome	0
A5_f5b_fleet2_left.png	fleet_left	2	OK	Moves 7	Moves 7	1
A5_f5b_fleet2_left.png	fleet_left	2	OK	Ships 100	Ships 100	2
A5_f5b_fleet2_left.png	fleet_left	2	OK	Repair 100%	Repair 100%	3
A5_f5b_fleet2_left.png	fleet_left	2	OK	Supply 800 tons (100%)	Supply 800 tons (100%)	4
A5_f5b_fleet2_left.png	fleet_left	2	OK	Money 5000 talents	Money 5000 talents	5
A5_f5b_fleet2_left.png	fleet_left	2	OK	Capacity 50,000 troops	Capacity 50,000 troops	6
A5_f5b_fleet2_left.png	fleet_left	2	OK	Sea rough	Sea rough	7
A5_f5b_fleet2_left.png	fleet_left	2	OK	Army	Army	9
A5_f5b_fleet2_left.png	fleet_left	2	OK	Supply 0 tons (0%)	Supply 0 tons (0%)	10
A5_f5b_fleet2_left.png	fleet_left	2	OK	Morale very low	Morale very low	11
A5_f5b_fleet2_left.png	fleet_left	2	OK	Money 100 talents	Money 100 talents	12
A5_f5b_fleet2_left.png	fleet_left	2	OK	Light infantry 4,800	Light infantry 4,800	14
A5_f5b_fleet2_left.png	fleet_left	2	OK	Heavy infantry 5,000	Heavy infantry 5,000	15
A5_f5b_fleet2_left.png	fleet_left	2	OK	Archers 0	Archers 0	16
A5_f5b_fleet2_left.png	fleet_left	2	OK	Light cavalry 900	Light cavalry 900	17
A5_f5b_fleet2_left.png	fleet_left	2	OK	Heavy cavalry 0	Heavy cavalry 0	18
A5_f5b_fleet2_left.png	fleet_left	2	OK	Total troops 10,700	Total troops 10,700	19
A5_f5b_fleet2_left.png	fleet_left	2	OK	No. of units 3	No. of units 3	20
A5_f5b_fleet2_left.png	fleet_left	2	OK	Regulars cost 86 talents per quarter	Regulars cost 86 talents per quarter	22
A5_f5b_fleet2_left.png	fleet_left	2	OK	Mercenary pay 0 talents per quarter	Mercenary pay 0 talents per quarter	23
A5_f5b_fleet2_right.png	fleet_right	2	SCROLLBAR-ARTIFACT		(<j >)	
A5_f5b_fleet2_right.png	fleet_right	2	OK	Army of Rome	Army of Rome	0
A5_f5b_fleet2_right.png	fleet_right	2	OK-ordinal	1st Foot Battalion Light infantry 4,800 average	lst Foot Battalion Light infantry 4,800 average	1
A5_f5b_fleet2_right.png	fleet_right	2	CLIPPED-right	1st Guards Battalion Heavy infantry 5,000 very good	1st Guards Battalion Heavy infantry 5,000 very	2
A5_f5b_fleet2_right.png	fleet_right	2	OK-ordinal	1st Lancers Battalion Light cavalry 900 average	lst Lancers Battalion Light cavalry 900 average	3
A5_f5b_fleet0_left.png	fleet_left	0	OK	Fleet of Carthage	Fleet of Carthage	0
A5_f5b_fleet0_left.png	fleet_left	0	OK	Moves	Moves	1
A5_f5b_fleet0_left.png	fleet_left	0	OK	Ships 10	Ships 10	2
A5_f5b_fleet0_left.png	fleet_left	0	OK	Repair	Repair	3
A5_f5b_fleet0_left.png	fleet_left	0	OK	Supply	Supply	4
A5_f5b_fleet0_left.png	fleet_left	0	OK	Money	Money	5
A5_f5b_fleet0_left.png	fleet_left	0	OK	Capacity 5,000 troops	Capacity 5,000 troops	6
A5_f5b_fleet0_left.png	fleet_left	0	OK	Sea rough	Sea rough	7
A5_f5b_fleet0_right.png	fleet_right	0	OK	Fleet of Carthage	Fleet of Carthage	0
A5_f5b_fleet0_right.png	fleet_right	0	OK	Moves	Moves	1
A5_f5b_fleet0_right.png	fleet_right	0	OK	Ships 10	Ships 10	2
A5_f5b_fleet0_right.png	fleet_right	0	OK	Repair	Repair	3
A5_f5b_fleet0_right.png	fleet_right	0	OK	Supply	Supply	4
A5_f5b_fleet0_right.png	fleet_right	0	OK	Money	Money	5
A5_f5b_fleet0_right.png	fleet_right	0	OK	Capacity 5,000 troops	Capacity 5,000 troops	6
A5_f5b_fleet0_right.png	fleet_right	0	OK	Sea rough	Sea rough	7
A5_f5b_fleet1_left.png	fleet_left	1	OK	Fleet of Ptolemaic	Fleet of Ptolemaic	0
A5_f5b_fleet1_left.png	fleet_left	1	OK	Moves	Moves	1
A5_f5b_fleet1_left.png	fleet_left	1	OK	Ships 70	Ships 70	2
A5_f5b_fleet1_left.png	fleet_left	1	OK	Repair	Repair	3
A5_f5b_fleet1_left.png	fleet_left	1	OK	Supply	Supply	4
A5_f5b_fleet1_left.png	fleet_left	1	OK	Money	Money	5
A5_f5b_fleet1_left.png	fleet_left	1	OK	Capacity 35,000 troops	Capacity 35,000 troops	6
A5_f5b_fleet1_left.png	fleet_left	1	OK	Sea calm	Sea calm	7
A5_f5b_fleet1_right.png	fleet_right	1	OK	Fleet of Ptolemaic	Fleet of Ptolemaic	0
A5_f5b_fleet1_right.png	fleet_right	1	OK	Moves	Moves	1
A5_f5b_fleet1_right.png	fleet_right	1	OK	Ships 70	Ships 70	2
A5_f5b_fleet1_right.png	fleet_right	1	OK	Repair	Repair	3
A5_f5b_fleet1_right.png	fleet_right	1	OK	Supply	Supply	4
A5_f5b_fleet1_right.png	fleet_right	1	OK	Money	Money	5
A5_f5b_fleet1_right.png	fleet_right	1	OK	Capacity 35,000 troops	Capacity 35,000 troops	6
A5_f5b_fleet1_right.png	fleet_right	1	OK	Sea calm	Sea calm	7
A5_f5c_fleet0_left.png	fleet_left	0	OK	Fleet of Carthage	Fleet of Carthage	0
A5_f5c_fleet0_left.png	fleet_left	0	OK	Moves	Moves	1
A5_f5c_fleet0_left.png	fleet_left	0	OK	Ships 90	Ships 90	2
A5_f5c_fleet0_left.png	fleet_left	0	OK	Repair	Repair	3
A5_f5c_fleet0_left.png	fleet_left	0	OK	Supply	Supply	4
A5_f5c_fleet0_left.png	fleet_left	0	OK	Money	Money	5
A5_f5c_fleet0_left.png	fleet_left	0	OK	Capacity 45,000 troops	Capacity 45,000 troops	6
A5_f5c_fleet0_left.png	fleet_left	0	OK	Sea calm	Sea calm	7
A5_f5c_fleet0_left.png	fleet_left	0	OK	Army	Army	9
A5_f5c_fleet0_left.png	fleet_left	0	OK	Supply	Supply	4
A5_f5c_fleet0_left.png	fleet_left	0	OK	Morale	Morale	11
A5_f5c_fleet0_left.png	fleet_left	0	OK	Money	Money	5
A5_f5c_fleet0_left.png	fleet_left	0	OK	Light infantry 4,800	Light infantry 4,800	14
A5_f5c_fleet0_left.png	fleet_left	0	OK	Heavy infantry 14,000	Heavy infantry 14,000	15
A5_f5c_fleet0_left.png	fleet_left	0	OK	Archers 2,700	Archers 2,700	16
A5_f5c_fleet0_left.png	fleet_left	0	OK	Light cavalry 0	Light cavalry 0	17
A5_f5c_fleet0_left.png	fleet_left	0	OK	Heavy cavalry 3,100	Heavy cavalry 3,100	18
A5_f5c_fleet0_left.png	fleet_left	0	OK	Total troops 24,600	Total troops 24,600	19
A5_f5c_fleet0_right.png	fleet_right	0	OK	Fleet of Carthage	Fleet of Carthage	0
A5_f5c_fleet0_right.png	fleet_right	0	OK	Moves	Moves	1
A5_f5c_fleet0_right.png	fleet_right	0	OK	Ships 90	Ships 90	2
A5_f5c_fleet0_right.png	fleet_right	0	OK	Repair	Repair	3
A5_f5c_fleet0_right.png	fleet_right	0	OK	Supply	Supply	4
A5_f5c_fleet0_right.png	fleet_right	0	OK	Money	Money	5
A5_f5c_fleet0_right.png	fleet_right	0	OK	Capacity 45,000 troops	Capacity 45,000 troops	6
A5_f5c_fleet0_right.png	fleet_right	0	OK	Sea calm	Sea calm	7
A5_f5c_fleet0_right.png	fleet_right	0	OK	Army	Army	9
A5_f5c_fleet0_right.png	fleet_right	0	OK	Supply	Supply	4
A5_f5c_fleet0_right.png	fleet_right	0	OK	Morale	Morale	11
A5_f5c_fleet0_right.png	fleet_right	0	OK	Money	Money	5
A5_f5c_fleet0_right.png	fleet_right	0	OK	Light infantry 4,800	Light infantry 4,800	14
A5_f5c_fleet0_right.png	fleet_right	0	OK	Heavy infantry 14,000	Heavy infantry 14,000	15
A5_f5c_fleet0_right.png	fleet_right	0	OK	Archers 2,700	Archers 2,700	16
A5_f5c_fleet0_right.png	fleet_right	0	OK	Light cavalry 0	Light cavalry 0	17
A5_f5c_fleet0_right.png	fleet_right	0	OK	Heavy cavalry 3,100	Heavy cavalry 3,100	18
A5_f5c_fleet0_right.png	fleet_right	0	OK	Total troops 24,600	Total troops 24,600	19
A5_f5c_fleet2_left.png	fleet_left	2	OK	Fleet of Rome	Fleet of Rome	0
A5_f5c_fleet2_left.png	fleet_left	2	OK	Moves 0	Moves 0	1
A5_f5c_fleet2_left.png	fleet_left	2	OK	Ships 30	Ships 30	2
A5_f5c_fleet2_left.png	fleet_left	2	OK	Repair 100%	Repair 100%	3
A5_f5c_fleet2_left.png	fleet_left	2	OK	Supply 50 tons (20%)	Supply 50 tons (20%)	4
A5_f5c_fleet2_left.png	fleet_left	2	OK	Money 0 talents	Money 0 talents	5
A5_f5c_fleet2_left.png	fleet_left	2	OK	Capacity 15,000 troops	Capacity 15,000 troops	6
A5_f5c_fleet2_left.png	fleet_left	2	OK	Sea calm	Sea calm	7
A5_f5c_fleet2_right.png	fleet_right	2	OK	Fleet of Rome	Fleet of Rome	0
A5_f5c_fleet2_right.png	fleet_right	2	OK	Moves 0	Moves 0	1
A5_f5c_fleet2_right.png	fleet_right	2	OK	Ships 30	Ships 30	2
A5_f5c_fleet2_right.png	fleet_right	2	OK	Repair 100%	Repair 100%	3
A5_f5c_fleet2_right.png	fleet_right	2	OK	Supply 50 tons (20%)	Supply 50 tons (20%)	4
A5_f5c_fleet2_right.png	fleet_right	2	OK	Money 0 talents	Money 0 talents	5
A5_f5c_fleet2_right.png	fleet_right	2	OK	Capacity 15,000 troops	Capacity 15,000 troops	6
A5_f5c_fleet2_right.png	fleet_right	2	OK	Sea calm	Sea calm	7
A5_foreign_army2_left.png	army_foreign_left	2	OK	Army of Carthage	Army of Carthage	0
A5_foreign_army2_left.png	army_foreign_left	2	OK	Moves	Moves	1
A5_foreign_army2_left.png	army_foreign_left	2	OK	Supply	Supply	2
A5_foreign_army2_left.png	army_foreign_left	2	OK	Morale	Morale	3
A5_foreign_army2_left.png	army_foreign_left	2	OK	Money	Money	4
A5_foreign_army2_left.png	army_foreign_left	2	OK	Terrain Plain	Terrain Plain	5
A5_foreign_army2_left.png	army_foreign_left	2	OK	Light infantry 16,800	Light infantry 16,800	7
A5_foreign_army2_left.png	army_foreign_left	2	OK	Heavy infantry 12,700	Heavy infantry 12,700	8
A5_foreign_army2_left.png	army_foreign_left	2	OK	Archers 0	Archers 0	9
A5_foreign_army2_left.png	army_foreign_left	2	OK	Light cavalry 1,200	Light cavalry 1,200	10
A5_foreign_army2_left.png	army_foreign_left	2	OK	Heavy cavalry 3,200	Heavy cavalry 3,200	11
A5_foreign_army2_left.png	army_foreign_left	2	OK	Total troops 33,900	Total troops 33,900	12
A5_foreign_army2_right.png	army_foreign_right	2	OK	Army of Carthage	Army of Carthage	0
A5_foreign_army2_right.png	army_foreign_right	2	OK	Moves	Moves	1
A5_foreign_army2_right.png	army_foreign_right	2	OK	Supply	Supply	2
A5_foreign_army2_right.png	army_foreign_right	2	OK	Morale	Morale	3
A5_foreign_army2_right.png	army_foreign_right	2	OK	Money	Money	4
A5_foreign_army2_right.png	army_foreign_right	2	OK	Terrain Plain	Terrain Plain	5
A5_foreign_army2_right.png	army_foreign_right	2	OK	Light infantry 16,800	Light infantry 16,800	7
A5_foreign_army2_right.png	army_foreign_right	2	OK	Heavy infantry 12,700	Heavy infantry 12,700	8
A5_foreign_army2_right.png	army_foreign_right	2	OK	Archers 0	Archers 0	9
A5_foreign_army2_right.png	army_foreign_right	2	OK	Light cavalry 1,200	Light cavalry 1,200	10
A5_foreign_army2_right.png	army_foreign_right	2	OK	Heavy cavalry 3,200	Heavy cavalry 3,200	11
A5_foreign_army2_right.png	army_foreign_right	2	OK	Total troops 33,900	Total troops 33,900	12
A5_foreign_army7_left.png	army_foreign_left	7	OK	Army of Ptolemaic	Army of Ptolemaic	0
A5_foreign_army7_left.png	army_foreign_left	7	OK	Moves	Moves	1
A5_foreign_army7_left.png	army_foreign_left	7	OK	Supply	Supply	2
A5_foreign_army7_left.png	army_foreign_left	7	OK	Morale	Morale	3
A5_foreign_army7_left.png	army_foreign_left	7	OK	Money	Money	4
A5_foreign_army7_left.png	army_foreign_left	7	OK	Terrain Plain	Terrain Plain	5
A5_foreign_army7_left.png	army_foreign_left	7	OK	Light infantry 48,730	Light infantry 48,730	7
A5_foreign_army7_left.png	army_foreign_left	7	OK	Heavy infantry 9,500	Heavy infantry 9,500	8
A5_foreign_army7_left.png	army_foreign_left	7	OK	Archers 1,200	Archers 1,200	9
A5_foreign_army7_left.png	army_foreign_left	7	OK	Light cavalry 1,700	Light cavalry 1,700	10
A5_foreign_army7_left.png	army_foreign_left	7	OK	Heavy cavalry 2,900	Heavy cavalry 2,900	11
A5_foreign_army7_left.png	army_foreign_left	7	OK	Total troops 64,030	Total troops 64,030	12
A5_foreign_army7_right.png	army_foreign_right	7	OK	Army of Ptolemaic	Army of Ptolemaic	0
A5_foreign_army7_right.png	army_foreign_right	7	OK	Moves	Moves	1
A5_foreign_army7_right.png	army_foreign_right	7	OK	Supply	Supply	2
A5_foreign_army7_right.png	army_foreign_right	7	OK	Morale	Morale	3
A5_foreign_army7_right.png	army_foreign_right	7	OK	Money	Money	4
A5_foreign_army7_right.png	army_foreign_right	7	OK	Terrain Plain	Terrain Plain	5
A5_foreign_army7_right.png	army_foreign_right	7	OK	Light infantry 48,730	Light infantry 48,730	7
A5_foreign_army7_right.png	army_foreign_right	7	OK	Heavy infantry 9,500	Heavy infantry 9,500	8
A5_foreign_army7_right.png	army_foreign_right	7	OK	Archers 1,200	Archers 1,200	9
A5_foreign_army7_right.png	army_foreign_right	7	OK	Light cavalry 1,700	Light cavalry 1,700	10
A5_foreign_army7_right.png	army_foreign_right	7	OK	Heavy cavalry 2,900	Heavy cavalry 2,900	11
A5_foreign_army7_right.png	army_foreign_right	7	OK	Total troops 64,030	Total troops 64,030	12
A5_foreign_army4_left.png	army_foreign_left	4	OK	Army of Seleucid	Army of Seleucid	0
A5_foreign_army4_left.png	army_foreign_left	4	OK	Moves	Moves	1
A5_foreign_army4_left.png	army_foreign_left	4	OK	Supply	Supply	2
A5_foreign_army4_left.png	army_foreign_left	4	OK	Morale	Morale	3
A5_foreign_army4_left.png	army_foreign_left	4	OK	Money	Money	4
A5_foreign_army4_left.png	army_foreign_left	4	OK	Terrain Plain	Terrain Plain	5
A5_foreign_army4_left.png	army_foreign_left	4	OK	Light infantry 22,540	Light infantry 22,540	7
A5_foreign_army4_left.png	army_foreign_left	4	OK	Heavy infantry 6,900	Heavy infantry 6,900	8
A5_foreign_army4_left.png	army_foreign_left	4	OK	Archers 4,280	Archers 4,280	9
A5_foreign_army4_left.png	army_foreign_left	4	OK	Light cavalry 1,480	Light cavalry 1,480	10
A5_foreign_army4_left.png	army_foreign_left	4	OK	Heavy cavalry 2,000	Heavy cavalry 2,000	11
A5_foreign_army4_left.png	army_foreign_left	4	OK	Total troops 37,200	Total troops 37,200	12
A5_foreign_army4_right.png	army_foreign_right	4	OK	Army of Seleucid	Army of Seleucid	0
A5_foreign_army4_right.png	army_foreign_right	4	OK	Moves	Moves	1
A5_foreign_army4_right.png	army_foreign_right	4	OK	Supply	Supply	2
A5_foreign_army4_right.png	army_foreign_right	4	OK	Morale	Morale	3
A5_foreign_army4_right.png	army_foreign_right	4	OK	Money	Money	4
A5_foreign_army4_right.png	army_foreign_right	4	OK	Terrain Plain	Terrain Plain	5
A5_foreign_army4_right.png	army_foreign_right	4	OK	Light infantry 22,540	Light infantry 22,540	7
A5_foreign_army4_right.png	army_foreign_right	4	OK	Heavy infantry 6,900	Heavy infantry 6,900	8
A5_foreign_army4_right.png	army_foreign_right	4	OK	Archers 4,280	Archers 4,280	9
A5_foreign_army4_right.png	army_foreign_right	4	OK	Light cavalry 1,480	Light cavalry 1,480	10
A5_foreign_army4_right.png	army_foreign_right	4	OK	Heavy cavalry 2,000	Heavy cavalry 2,000	11
A5_foreign_army4_right.png	army_foreign_right	4	OK	Total troops 37,200	Total troops 37,200	12
A6_army0_right.png	army_right	0	OK	Army of Rome	Army of Rome	0
A6_army0_right.png	army_right	0	OK	Test unit 0 Light infantry 1,000 not ready	Test unit 0 Light infantry 1,000 not ready	1
A6_army0_right.png	army_right	0	OK	Test unit 1 Heavy infantry 1,100 not ready	Test unit 1 Heavy infantry 1,100 not ready	2
A6_army0_right.png	army_right	0	OK	Test unit 2 Archers 1,200 not ready	Test unit 2 Archers 1,200 not ready	3
A6_army0_right.png	army_right	0	CORRECTED	Test unit 3 Light cavalry 1,300 not ready	Test unit 3. Light cavalry 1,300 not ready	4
A6_army0_right.png	army_right	0	OK	Test unit 4 Heavy cavalry 1,400 very poor	Test unit 4 Heavy cavalry 1,400 very poor	5
A6_army0_right.png	army_right	0	OK	Test unit 5 Light infantry 1,500 poor	Test unit5 Light infantry 1,500 poor	6
A6_army0_right.png	army_right	0	OK	Test unit 6 Heavy infantry 1,600 average	Test unit 6 Heavy infantry 1,600 average	7
A6_army0_right.png	army_right	0	OK	Test unit 7 Archers 1,700 good	Test unit 7 Archers 1,700 good	8
A6_army0_right.png	army_right	0	OK	Test unit 8 Light cavalry 1,800 very good	Test unit 8 Light cavalry 1,800 very good	9
A6_army0_right.png	army_right	0	OK	Test unit 9 Heavy cavalry 1,900 elite	Test unit9 Heavy cavalry 1,900 elite	10
A6_army0_right.png	army_right	0	OK	Test unit 10 Light infantry 2,000	Test unit 10 Light infantry 2,000	11
A6_army0_right.png	army_right	0	OK	Test unit 11 Heavy infantry 2,100	Test unit 11 Heavy infantry 2,100	12
A6_army0_right_scrolled.png	army_right_scrolled	0	OK	Army of Rome	Army of Rome	0
A6_army0_right_scrolled.png	army_right_scrolled	0	OK	Test unit 0 Light infantry 1,000 not ready	Test unit 0 Light infantry 1,000 not ready	1
A6_army0_right_scrolled.png	army_right_scrolled	0	OK	Test unit 1 Heavy infantry 1,100 not ready	Test unit 1 Heavy infantry 1,100 not ready	2
A6_army0_right_scrolled.png	army_right_scrolled	0	OK	Test unit 2 Archers 1,200 not ready	Test unit 2 Archers 1,200 not ready	3
A6_army0_right_scrolled.png	army_right_scrolled	0	CORRECTED	Test unit 3 Light cavalry 1,300 not ready	Test unit 3. Light cavalry 1,300 not ready	4
A6_army0_right_scrolled.png	army_right_scrolled	0	OK	Test unit 4 Heavy cavalry 1,400 very poor	Test unit 4 Heavy cavalry 1,400 very poor	5
A6_army0_right_scrolled.png	army_right_scrolled	0	OK	Test unit 5 Light infantry 1,500 poor	Test unit5 Light infantry 1,500 poor	6
A6_army0_right_scrolled.png	army_right_scrolled	0	OK	Test unit 6 Heavy infantry 1,600 average	Test unit 6 Heavy infantry 1,600 average	7
A6_army0_right_scrolled.png	army_right_scrolled	0	OK	Test unit 7 Archers 1,700 good	Test unit 7 Archers 1,700 good	8
A6_army0_right_scrolled.png	army_right_scrolled	0	OK	Test unit 8 Light cavalry 1,800 very good	Test unit 8 Light cavalry 1,800 very good	9
A6_army0_right_scrolled.png	army_right_scrolled	0	OK	Test unit 9 Heavy cavalry 1,900 elite	Test unit9 Heavy cavalry 1,900 elite	10
A6_army0_right_scrolled.png	army_right_scrolled	0	OK	Test unit 10 Light infantry 2,000	Test unit 10 Light infantry 2,000	11
A6_army0_right_scrolled.png	army_right_scrolled	0	OK	Test unit 11 Heavy infantry 2,100	Test unit 11 Heavy infantry 2,100	12
A6_army0_left.png	army_left	0	OK	Army of Rome	Army of Rome	0
A6_army0_left.png	army_left	0	OK	Moves 8	Moves 8	1
A6_army0_left.png	army_left	0	OK	Supply 170 tons (91%)	Supply 170 tons (91%)	2
A6_army0_left.png	army_left	0	OK	Morale very high	Morale very high	3
A6_army0_left.png	army_left	0	OK	Money 100 talents	Money 100 talents	4
A6_army0_left.png	army_left	0	OK	Terrain Plain	Terrain Plain	5
A6_army0_left.png	army_left	0	OK	Light infantry 4,500	Light infantry 4,500	7
A6_army0_left.png	army_left	0	OK	Heavy infantry 4,800	Heavy infantry 4,800	8
A6_army0_left.png	army_left	0	OK	Archers 2,900	Archers 2,900	9
A6_army0_left.png	army_left	0	OK	Light cavalry 3,100	Light cavalry 3,100	10
A6_army0_left.png	army_left	0	OK	Heavy cavalry 3,300	Heavy cavalry 3,300	11
A6_army0_left.png	army_left	0	OK	Total troops 18,600	Total troops 18,600	12
A6_army0_left.png	army_left	0	OK	No. of units 12	No. of units 12	13
A6_army0_left.png	army_left	0	OK	Regulars cost 191 talents per quarter	Regulars cost 191 talents per quarter	15
A6_army0_left.png	army_left	0	OK	Mercenary pay 0 talents per quarter	Mercenary pay 0 talents per quarter	16
A6_army1_right.png	army_right	1	OK	Army of Rome	Army of Rome	0
A6_army1_right.png	army_right	1	OK	2nd Foot Battalion Light infantry 4,100 average	2nd Foot Battalion Light infantry 4,100 average	1
A6_army1_right_scrolled.png	army_right_scrolled	1	OK	Army of Rome	Army of Rome	0
A6_army1_right_scrolled.png	army_right_scrolled	1	OK	2nd Foot Battalion Light infantry 4,100 average	2nd Foot Battalion Light infantry 4,100 average	1
A6_army1_left.png	army_left	1	OK	Army of Rome	Army of Rome	0
A6_army1_left.png	army_left	1	OK	Moves 8	Moves 8	1
A6_army1_left.png	army_left	1	OK	Supply 176 tons (106%)	Supply 176 tons (106%)	2
A6_army1_left.png	army_left	1	OK	Morale very high	Morale very high	3
A6_army1_left.png	army_left	1	OK	Money 100 talents	Money 100 talents	4
A6_army1_left.png	army_left	1	OK	Terrain Plain	Terrain Plain	5
A6_army1_left.png	army_left	1	OK	Light infantry 4,100	Light infantry 4,100	7
A6_army1_left.png	army_left	1	OK	Heavy infantry 9,100	Heavy infantry 9,100	8
A6_army1_left.png	army_left	1	OK	Archers 0	Archers 0	9
A6_army1_left.png	army_left	1	OK	Light cavalry 1,500	Light cavalry 1,500	10
A6_army1_left.png	army_left	1	OK	Heavy cavalry 1,800	Heavy cavalry 1,800	11
A6_army1_left.png	army_left	1	OK	Total troops 16,500	Total troops 16,500	12
A6_army1_left.png	army_left	1	OK	No. of units 6	No. of units 6	13
A6_army1_left.png	army_left	1	OK	Regulars cost 167 talents per quarter	Regulars cost 167 talents per quarter	15
A6_army1_left.png	army_left	1	OK	Mercenary pay 0 talents per quarter	Mercenary pay 0 talents per quarter	16
A6_merc_rome.png	merc_list	85	OK	Mercenaries at Rome	Mercenaries at Rome	0
A6_merc_rome.png	merc_list	85	OK	Celtiberian Light infantry 1,500 very poor	Celtiberian Lightinfantry 1,500 very poor	1
A6_merc_rome.png	merc_list	85	OK	Persian Archers 800 elite	Persian Archers 800 elite	2
A6_merc_rome.png	merc_list	85	OK	Cilician Heavy cavalry 0 not ready	Cilician Heavy cavalry 0 not ready	3
A6_merc_rome_scrolled.png	merc_list_scrolled	85	OK	Mercenaries at Rome	Mercenaries at Rome	0
A6_merc_rome_scrolled.png	merc_list_scrolled	85	OK	Celtiberian Light infantry 1,500 very poor	Celtiberian Lightinfantry 1,500 very poor	1
A6_merc_rome_scrolled.png	merc_list_scrolled	85	OK	Persian Archers 800 elite	Persian Archers 800 elite	2
A6_merc_rome_scrolled.png	merc_list_scrolled	85	OK	Cilician Heavy cavalry 0 not ready	Cilician Heavy cavalry 0 not ready	3
A6_merc_carthago.png	merc_list	72	OK	Mercenaries at Carthago	Mercenaries at Carthago	0
A6_merc_carthago.png	merc_list	72	OK	Bactrian Light cavalry 2,500 very good	Bactrian Light cavalry 2,500 very good	1
A6_merc_carthago.png	merc_list	72	OK	Greek Heavy infantry 6,000 very good	Greek Heavy infantry 6,000 very good	2
A6_merc_carthago_scrolled.png	merc_list_scrolled	72	OK	Mercenaries at Carthago	Mercenaries at Carthago	0
A6_merc_carthago_scrolled.png	merc_list_scrolled	72	OK	Bactrian Light cavalry 2,500 very good	Bactrian Light cavalry 2,500 very good	1
A6_merc_carthago_scrolled.png	merc_list_scrolled	72	OK	Greek Heavy infantry 6,000 very good	Greek Heavy infantry 6,000 very good	2
A6_merc_capua.png	merc_list	100	OK	There are no mercenaries at Capua	There are no mercenaries at Capua	0
A6_merc_capua_scrolled.png	merc_list_scrolled	100	OK	There are no mercenaries at Capua	There are no mercenaries at Capua	0
A6_city097_Cales.png	city_own	97	OK	City Cales (capital of Rome)	City Cales (capital of Rome)	0
A6_city097_Cales.png	city_own	97	OK	Controlled by Rome	Controlled by Rome	1
A6_city097_Cales.png	city_own	97	OK	Allegiance to Rome	Allegiance to Rome	2
A6_city097_Cales.png	city_own	97	OK	Population 28,000 (100%)	Population 28,000 (100%)	3
A6_city097_Cales.png	city_own	97	OK	Loyalty high	Loyalty high	4
A6_city097_Cales.png	city_own	97	OK	Fortification 51%	Fortification 51%	5
A6_city097_Cales.png	city_own	97	OK	Tribute 11 talents	Tribute 11 talents	6
A6_city097_Cales.png	city_own	97	OK	Supply 123 tons	Supply 123 tons	7
A6_nation01_Carthage.png	nation	1	OK	Nation Carthage	Nation Carthage	0
A6_nation01_Carthage.png	nation	1	OK	Leader Agis	Leader Agis	1
A6_nation01_Carthage.png	nation	1	OK	Capital Cales	Capital Cales	2
A6_nation01_Carthage.png	nation	1	OK	Cities 34	Cities 34	3
A6_nation01_Carthage.png	nation	1	OK	Population 4,821,000	Population 4,821,000	4
A6_nation01_Carthage.png	nation	1	OK	Unity high	Unity high	5
A6_nation01_Carthage.png	nation	1	OK	Tax rate 5%	Tax rate 5%	6
A6_nation01_Carthage.png	nation	1	OK	INTERNATIONAL RELATIONS	INTERNATIONAL RELATIONS	10
A6_nation01_Carthage.png	nation	1	OK	Rome	Rome	11
A6_nation01_Carthage.png	nation	1	OK	Seleucid trade	Seleucid trade	13
A6_nation01_Carthage.png	nation	1	OK	Ptolemaic	Ptolemaic	14
A6_nation01_Carthage.png	nation	1	OK	Macedonia	Macedonia	15
A6_nation01_Carthage.png	nation	1	OK	Numidia ally	Numidia ally	16
A6_nation01_Carthage.png	nation	1	OK	Gaul	Gaul	17
A6_nation01_Carthage.png	nation	1	OK	Greece trade	Greece trade	18
A6_nation01_Carthage.png	nation	1	OK	Celtiberia war	Celtiberia war	19
A6_nation01_Carthage.png	nation	1	OK	Illyria	Illyria	20
A6_nation01_Carthage.png	nation	1	OK	Dacia	Dacia	21
A6_nation01_Carthage.png	nation	1	OK	Bithynia	Bithynia	22
A6_nation01_Carthage.png	nation	1	OK	Galatia	Galatia	23
A6_nation01_Carthage.png	nation	1	OK	Armenia	Armenia	24
A6_nation01_Carthage.png	nation	1	OK	Media	Media	25
A6_nation01_Carthage.png	nation	1	OK	Thracia trade	Thracia trade	26
A7_nation00_treasury0.png	nation	0	OK	Nation Rome	Nation Rome	0
A7_nation00_treasury0.png	nation	0	OK	Leader Appius Claudius	Leader Appius Claudius	1
A7_nation00_treasury0.png	nation	0	OK	Capital Rome	Capital Rome	2
A7_nation00_treasury0.png	nation	0	OK	Cities 25	Cities 25	3
A7_nation00_treasury0.png	nation	0	OK	Population 2,577,000	Population 2,577,000	4
A7_nation00_treasury0.png	nation	0	OK	Unity very high	Unity very high	5
A7_nation00_treasury0.png	nation	0	OK	Tax rate 5%	Tax rate 5%	6
A7_nation00_treasury0.png	nation	0	OK	Mobilized 0%	Mobilized 0%	7
A7_nation00_treasury0.png	nation	0	OK	Treasury - 1,500 talents	Treasury - 1,500 talents	8
A7_nation00_treasury0.png	nation	0	OK	INTERNATIONAL RELATIONS	INTERNATIONAL RELATIONS	10
A7_nation00_treasury0.png	nation	0	OK	Carthage	Carthage	12
A7_nation00_treasury0.png	nation	0	OK	Seleucid	Seleucid	13
A7_nation00_treasury0.png	nation	0	OK	Ptolemaic	Ptolemaic	14
A7_nation00_treasury0.png	nation	0	OK	Macedonia	Macedonia	15
A7_nation00_treasury0.png	nation	0	OK	Numidia	Numidia	16
A7_nation00_treasury0.png	nation	0	OK	Gaul war	Gaul war	17
A7_nation00_treasury0.png	nation	0	OK	Greece	Greece	18
A7_nation00_treasury0.png	nation	0	OK	Celtiberia	Celtiberia	19
A7_nation00_treasury0.png	nation	0	OK	Illyria trade	Illyria trade	20
A7_nation00_treasury0.png	nation	0	OK	Dacia	Dacia	21
A7_nation00_treasury0.png	nation	0	OK	Bithynia	Bithynia	22
A7_nation00_treasury0.png	nation	0	OK	Galatia	Galatia	23
A7_nation00_treasury0.png	nation	0	OK	Armenia	Armenia	24
A7_nation00_treasury0.png	nation	0	OK	Media	Media	25
A7_nation00_treasury0.png	nation	0	OK	Thracia	Thracia	26
A7_nation00_treasury1.png	nation	0	EXCLUDED-listed		panel not refreshed after File>Open when the same nation was chosen again: it shows the previous save's values; re-captured as A7b_nation00_treasury1.png (batch a7b)	
A7_nation00_treasury2.png	nation	0	EXCLUDED-listed		panel not refreshed after File>Open when the same nation was chosen again: it shows the previous save's values; re-captured as A7b_nation00_treasury2.png (batch a7b)	
A7_nation00_treasury3.png	nation	0	EXCLUDED-listed		panel not refreshed after File>Open when the same nation was chosen again: it shows the previous save's values; re-captured as A7b_nation00_treasury3.png (batch a7b)	
A7_nation00_treasury4.png	nation	0	EXCLUDED-listed		panel not refreshed after File>Open when the same nation was chosen again: it shows the previous save's values; re-captured as A7b_nation00_treasury4.png (batch a7b)	
A7_cur1_nation01.png	nation	1	EXCLUDED-listed		stale panel: shows Rome (the previous panel) instead of Carthage after File>Open; re-captured as A8_cur1_nation01.png after a verified refresh	
A7_cur1_nation00.png	nation	0	OK	Nation Rome	Nation Rome	0
A7_cur1_nation00.png	nation	0	OK	Leader Appius Claudius	Leader Appius Claudius	1
A7_cur1_nation00.png	nation	0	OK	Capital Rome	Capital Rome	2
A7_cur1_nation00.png	nation	0	OK	Cities 25	Cities 25	3
A7_cur1_nation00.png	nation	0	OK	Population 2,577,000	Population 2,577,000	4
A7_cur1_nation00.png	nation	0	OK	Unity very high	Unity very high	5
A7_cur1_nation00.png	nation	0	OK	Tax rate 10%	Tax rate 10%	6
A7_cur1_nation00.png	nation	0	OK	INTERNATIONAL RELATIONS	INTERNATIONAL RELATIONS	10
A7_cur1_nation00.png	nation	0	OK	Carthage	Carthage	12
A7_cur1_nation00.png	nation	0	OK	Seleucid	Seleucid	13
A7_cur1_nation00.png	nation	0	OK	Ptolemaic	Ptolemaic	14
A7_cur1_nation00.png	nation	0	OK	Macedonia	Macedonia	15
A7_cur1_nation00.png	nation	0	OK	Numidia	Numidia	16
A7_cur1_nation00.png	nation	0	OK	Gaul war	Gaul war	17
A7_cur1_nation00.png	nation	0	OK	Greece	Greece	18
A7_cur1_nation00.png	nation	0	OK	Celtiberia	Celtiberia	19
A7_cur1_nation00.png	nation	0	OK	Illyria trade	Illyria trade	20
A7_cur1_nation00.png	nation	0	OK	Dacia	Dacia	21
A7_cur1_nation00.png	nation	0	OK	Bithynia	Bithynia	22
A7_cur1_nation00.png	nation	0	OK	Galatia	Galatia	23
A7_cur1_nation00.png	nation	0	OK	Armenia	Armenia	24
A7_cur1_nation00.png	nation	0	OK	Media	Media	25
A7_cur1_nation00.png	nation	0	OK	Thracia	Thracia	26
A7_cur1_army02_left.png	army_left	2	OK	Army of Carthage	Army of Carthage	0
A7_cur1_army02_left.png	army_left	2	OK	Moves 8	Moves 8	1
A7_cur1_army02_left.png	army_left	2	OK	Supply 231 tons (68%)	Supply 231 tons (68%)	2
A7_cur1_army02_left.png	army_left	2	OK	Morale high	Morale high	3
A7_cur1_army02_left.png	army_left	2	OK	Money 100 talents	Money 100 talents	4
A7_cur1_army02_left.png	army_left	2	OK	Terrain Plain	Terrain Plain	5
A7_cur1_army02_left.png	army_left	2	OK	Light infantry 16,800	Light infantry 16,800	7
A7_cur1_army02_left.png	army_left	2	OK	Heavy infantry 12,700	Heavy infantry 12,700	8
A7_cur1_army02_left.png	army_left	2	OK	Archers 0	Archers 0	9
A7_cur1_army02_left.png	army_left	2	OK	Light cavalry 1,200	Light cavalry 1,200	10
A7_cur1_army02_left.png	army_left	2	OK	Heavy cavalry 3,200	Heavy cavalry 3,200	11
A7_cur1_army02_left.png	army_left	2	OK	Total troops 33,900	Total troops 33,900	12
A7_cur1_army02_left.png	army_left	2	OK	No. of units 8	No. of units 8	13
A7_cur1_army02_left.png	army_left	2	OK	Regulars cost 54 talents per quarter	Regulars cost 54 talents per quarter	15
A7_cur1_army02_left.png	army_left	2	OK	Mercenary pay 304 talents per quarter	Mercenary pay 304 talents per quarter	16
A7_cur1_army00_left.png	army_foreign_left	0	OK	Army of Rome	Army of Rome	0
A7_cur1_army00_left.png	army_foreign_left	0	OK	Moves	Moves	1
A7_cur1_army00_left.png	army_foreign_left	0	OK	Supply	Supply	2
A7_cur1_army00_left.png	army_foreign_left	0	OK	Morale	Morale	3
A7_cur1_army00_left.png	army_foreign_left	0	OK	Money	Money	4
A7_cur1_army00_left.png	army_foreign_left	0	OK	Terrain Plain	Terrain Plain	5
A7_cur1_army00_left.png	army_foreign_left	0	OK	Light infantry 4,800	Light infantry 4,800	7
A7_cur1_army00_left.png	army_foreign_left	0	OK	Heavy infantry 16,100	Heavy infantry 16,100	8
A7_cur1_army00_left.png	army_foreign_left	0	OK	Archers 0	Archers 0	9
A7_cur1_army00_left.png	army_foreign_left	0	OK	Light cavalry 900	Light cavalry 900	10
A7_cur1_army00_left.png	army_foreign_left	0	OK	Heavy cavalry 1,900	Heavy cavalry 1,900	11
A7_cur1_army00_left.png	army_foreign_left	0	OK	Total troops 23,700	Total troops 23,700	12
A7_cur1_city_carthago.png	city_own	72	OK	City Carthago (capital of Carthage)	City Carthago (capital of Carthage)	0
A7_cur1_city_carthago.png	city_own	72	OK	Controlled by Carthage	Controlled by Carthage	1
A7_cur1_city_carthago.png	city_own	72	OK	Allegiance to Carthage	Allegiance to Carthage	2
A7_cur1_city_carthago.png	city_own	72	OK	Population 163,000 (100%)	Population 163,000 (100%)	3
A7_cur1_city_carthago.png	city_own	72	OK	Loyalty very high	Loyalty very high	4
A7_cur1_city_carthago.png	city_own	72	OK	Fortification 87% (4,200)	Fortification 87% (4,200)	5
A7_cur1_city_carthago.png	city_own	72	OK	Tribute 287 talents	Tribute 287 talents	6
A7_cur1_city_carthago.png	city_own	72	OK	Supply 992 tons	Supply 992 tons	7
A7_cur1_city_rome.png	city_foreign	85	OK	City Rome (capital of Rome)	City Rome (capital of Rome)	0
A7_cur1_city_rome.png	city_foreign	85	OK	Controlled by Rome	Controlled by Rome	1
A7_cur1_city_rome.png	city_foreign	85	OK	Allegiance to Rome	Allegiance to Rome	2
A7_cur1_city_rome.png	city_foreign	85	OK	Population 181,000 (100%)	Population 181,000 (100%)	3
A7_cur1_city_rome.png	city_foreign	85	OK	Loyalty excellent	Loyalty excellent	4
A7_cur1_city_rome.png	city_foreign	85	OK	Fortification 78% (14,000)	Fortification 78% (14,000)	5
A7_cur1_city_rome.png	city_foreign	85	OK	Tribute very rich	Tribute very rich	6
A7b_nation00_treasury1.png	nation	0	OK	Nation Rome	Nation Rome	0
A7b_nation00_treasury1.png	nation	0	OK	Leader Appius Claudius	Leader Appius Claudius	1
A7b_nation00_treasury1.png	nation	0	OK	Capital Rome	Capital Rome	2
A7b_nation00_treasury1.png	nation	0	OK	Cities 25	Cities 25	3
A7b_nation00_treasury1.png	nation	0	OK	Population 2,577,000	Population 2,577,000	4
A7b_nation00_treasury1.png	nation	0	OK	Unity very high	Unity very high	5
A7b_nation00_treasury1.png	nation	0	OK	Tax rate 40%	Tax rate 40%	6
A7b_nation00_treasury1.png	nation	0	OK	Mobilized 100%	Mobilized 100%	7
A7b_nation00_treasury1.png	nation	0	OK	Treasury 0 talents	Treasury 0 talents	8
A7b_nation00_treasury1.png	nation	0	OK	INTERNATIONAL RELATIONS	INTERNATIONAL RELATIONS	10
A7b_nation00_treasury1.png	nation	0	OK	Carthage	Carthage	12
A7b_nation00_treasury1.png	nation	0	OK	Seleucid	Seleucid	13
A7b_nation00_treasury1.png	nation	0	OK	Ptolemaic	Ptolemaic	14
A7b_nation00_treasury1.png	nation	0	OK	Macedonia	Macedonia	15
A7b_nation00_treasury1.png	nation	0	OK	Numidia	Numidia	16
A7b_nation00_treasury1.png	nation	0	OK	Gaul war	Gaul war	17
A7b_nation00_treasury1.png	nation	0	OK	Greece	Greece	18
A7b_nation00_treasury1.png	nation	0	OK	Celtiberia	Celtiberia	19
A7b_nation00_treasury1.png	nation	0	OK	Illyria trade	Illyria trade	20
A7b_nation00_treasury1.png	nation	0	OK	Dacia	Dacia	21
A7b_nation00_treasury1.png	nation	0	OK	Bithynia	Bithynia	22
A7b_nation00_treasury1.png	nation	0	OK	Galatia	Galatia	23
A7b_nation00_treasury1.png	nation	0	OK	Armenia	Armenia	24
A7b_nation00_treasury1.png	nation	0	OK	Media	Media	25
A7b_nation00_treasury1.png	nation	0	OK	Thracia	Thracia	26
A7b_nation00_treasury2.png	nation	0	OK	Nation Rome	Nation Rome	0
A7b_nation00_treasury2.png	nation	0	OK	Leader Appius Claudius	Leader Appius Claudius	1
A7b_nation00_treasury2.png	nation	0	OK	Capital Rome	Capital Rome	2
A7b_nation00_treasury2.png	nation	0	OK	Cities 25	Cities 25	3
A7b_nation00_treasury2.png	nation	0	OK	Population 2,577,000	Population 2,577,000	4
A7b_nation00_treasury2.png	nation	0	OK	Unity very high	Unity very high	5
A7b_nation00_treasury2.png	nation	0	OK	Tax rate 0%	Tax rate 0%	6
A7b_nation00_treasury2.png	nation	0	OK	Mobilized 7%	Mobilized 7%	7
A7b_nation00_treasury2.png	nation	0	OK	Treasury 123 talents	Treasury 123 talents	8
A7b_nation00_treasury2.png	nation	0	OK	INTERNATIONAL RELATIONS	INTERNATIONAL RELATIONS	10
A7b_nation00_treasury2.png	nation	0	OK	Carthage	Carthage	12
A7b_nation00_treasury2.png	nation	0	OK	Seleucid	Seleucid	13
A7b_nation00_treasury2.png	nation	0	OK	Ptolemaic	Ptolemaic	14
A7b_nation00_treasury2.png	nation	0	OK	Macedonia	Macedonia	15
A7b_nation00_treasury2.png	nation	0	OK	Numidia	Numidia	16
A7b_nation00_treasury2.png	nation	0	OK	Gaul war	Gaul war	17
A7b_nation00_treasury2.png	nation	0	OK	Greece	Greece	18
A7b_nation00_treasury2.png	nation	0	OK	Celtiberia	Celtiberia	19
A7b_nation00_treasury2.png	nation	0	OK	Illyria trade	Illyria trade	20
A7b_nation00_treasury2.png	nation	0	OK	Dacia	Dacia	21
A7b_nation00_treasury2.png	nation	0	OK	Bithynia	Bithynia	22
A7b_nation00_treasury2.png	nation	0	OK	Galatia	Galatia	23
A7b_nation00_treasury2.png	nation	0	OK	Armenia	Armenia	24
A7b_nation00_treasury2.png	nation	0	OK	Media	Media	25
A7b_nation00_treasury2.png	nation	0	OK	Thracia	Thracia	26
A7b_nation00_treasury3.png	nation	0	OK	Nation Rome	Nation Rome	0
A7b_nation00_treasury3.png	nation	0	OK	Leader Appius Claudius	Leader Appius Claudius	1
A7b_nation00_treasury3.png	nation	0	OK	Capital Rome	Capital Rome	2
A7b_nation00_treasury3.png	nation	0	OK	Cities 25	Cities 25	3
A7b_nation00_treasury3.png	nation	0	OK	Population 2,577,000	Population 2,577,000	4
A7b_nation00_treasury3.png	nation	0	OK	Unity very high	Unity very high	5
A7b_nation00_treasury3.png	nation	0	OK	Tax rate 10%	Tax rate 10%	6
A7b_nation00_treasury3.png	nation	0	OK	Mobilized 55%	Mobilized 55%	7
A7b_nation00_treasury3.png	nation	0	OK	Treasury 1,234,567 talents	Treasury 1,234,567 talents	8
A7b_nation00_treasury3.png	nation	0	OK	INTERNATIONAL RELATIONS	INTERNATIONAL RELATIONS	10
A7b_nation00_treasury3.png	nation	0	OK	Carthage	Carthage	12
A7b_nation00_treasury3.png	nation	0	OK	Seleucid	Seleucid	13
A7b_nation00_treasury3.png	nation	0	OK	Ptolemaic	Ptolemaic	14
A7b_nation00_treasury3.png	nation	0	OK	Macedonia	Macedonia	15
A7b_nation00_treasury3.png	nation	0	OK	Numidia	Numidia	16
A7b_nation00_treasury3.png	nation	0	OK	Gaul war	Gaul war	17
A7b_nation00_treasury3.png	nation	0	OK	Greece	Greece	18
A7b_nation00_treasury3.png	nation	0	OK	Celtiberia	Celtiberia	19
A7b_nation00_treasury3.png	nation	0	OK	Illyria trade	Illyria trade	20
A7b_nation00_treasury3.png	nation	0	OK	Dacia	Dacia	21
A7b_nation00_treasury3.png	nation	0	OK	Bithynia	Bithynia	22
A7b_nation00_treasury3.png	nation	0	OK	Galatia	Galatia	23
A7b_nation00_treasury3.png	nation	0	OK	Armenia	Armenia	24
A7b_nation00_treasury3.png	nation	0	OK	Media	Media	25
A7b_nation00_treasury3.png	nation	0	OK	Thracia	Thracia	26
A7b_nation00_treasury4.png	nation	0	OK	Nation Rome	Nation Rome	0
A7b_nation00_treasury4.png	nation	0	OK	Leader Appius Claudius	Leader Appius Claudius	1
A7b_nation00_treasury4.png	nation	0	OK	Capital Rome	Capital Rome	2
A7b_nation00_treasury4.png	nation	0	OK	Cities 25	Cities 25	3
A7b_nation00_treasury4.png	nation	0	OK	Population 2,577,000	Population 2,577,000	4
A7b_nation00_treasury4.png	nation	0	OK	Unity very high	Unity very high	5
A7b_nation00_treasury4.png	nation	0	OK	Tax rate 15%	Tax rate 15%	6
A7b_nation00_treasury4.png	nation	0	OK	Mobilized 99%	Mobilized 99%	7
A7b_nation00_treasury4.png	nation	0	OK	Treasury 99,999,999 talents	Treasury 99,999,999 talents	8
A7b_nation00_treasury4.png	nation	0	OK	INTERNATIONAL RELATIONS	INTERNATIONAL RELATIONS	10
A7b_nation00_treasury4.png	nation	0	OK	Carthage	Carthage	12
A7b_nation00_treasury4.png	nation	0	OK	Seleucid	Seleucid	13
A7b_nation00_treasury4.png	nation	0	OK	Ptolemaic	Ptolemaic	14
A7b_nation00_treasury4.png	nation	0	OK	Macedonia	Macedonia	15
A7b_nation00_treasury4.png	nation	0	OK	Numidia	Numidia	16
A7b_nation00_treasury4.png	nation	0	OK	Gaul war	Gaul war	17
A7b_nation00_treasury4.png	nation	0	OK	Greece	Greece	18
A7b_nation00_treasury4.png	nation	0	OK	Celtiberia	Celtiberia	19
A7b_nation00_treasury4.png	nation	0	OK	Illyria trade	Illyria trade	20
A7b_nation00_treasury4.png	nation	0	OK	Dacia	Dacia	21
A7b_nation00_treasury4.png	nation	0	OK	Bithynia	Bithynia	22
A7b_nation00_treasury4.png	nation	0	OK	Galatia	Galatia	23
A7b_nation00_treasury4.png	nation	0	OK	Armenia	Armenia	24
A7b_nation00_treasury4.png	nation	0	OK	Media	Media	25
A7b_nation00_treasury4.png	nation	0	OK	Thracia	Thracia	26
A8_cur1_nation01.png	nation	1	OK	Nation Carthage	Nation Carthage	0
A8_cur1_nation01.png	nation	1	OK	Leader Agis	Leader Agis	1
A8_cur1_nation01.png	nation	1	OK	Capital Carthago	Capital Carthago	2
A8_cur1_nation01.png	nation	1	OK	Cities 34	Cities 34	3
A8_cur1_nation01.png	nation	1	OK	Population 4,821,000	Population 4,821,000	4
A8_cur1_nation01.png	nation	1	OK	Unity high	Unity high	5
A8_cur1_nation01.png	nation	1	OK	Tax rate 5%	Tax rate 5%	6
A8_cur1_nation01.png	nation	1	OK	Mobilized 12%	Mobilized 12%	7
A8_cur1_nation01.png	nation	1	OK	Treasury 7,777 talents	Treasury 7,777 talents	8
A8_cur1_nation01.png	nation	1	OK	INTERNATIONAL RELATIONS	INTERNATIONAL RELATIONS	10
A8_cur1_nation01.png	nation	1	OK	Rome	Rome	11
A8_cur1_nation01.png	nation	1	OK	Seleucid trade	Seleucid trade	13
A8_cur1_nation01.png	nation	1	OK	Ptolemaic	Ptolemaic	14
A8_cur1_nation01.png	nation	1	OK	Macedonia	Macedonia	15
A8_cur1_nation01.png	nation	1	OK	Numidia ally	Numidia ally	16
A8_cur1_nation01.png	nation	1	OK	Gaul	Gaul	17
A8_cur1_nation01.png	nation	1	OK	Greece trade	Greece trade	18
A8_cur1_nation01.png	nation	1	OK	Celtiberia war	Celtiberia war	19
A8_cur1_nation01.png	nation	1	OK	Illyria	Illyria	20
A8_cur1_nation01.png	nation	1	OK	Dacia	Dacia	21
A8_cur1_nation01.png	nation	1	OK	Bithynia	Bithynia	22
A8_cur1_nation01.png	nation	1	OK	Galatia	Galatia	23
A8_cur1_nation01.png	nation	1	OK	Armenia	Armenia	24
A8_cur1_nation01.png	nation	1	OK	Media	Media	25
A8_cur1_nation01.png	nation	1	OK	Thracia trade	Thracia trade	26
A8_cur1_nation00.png	nation	0	OK	Nation Rome	Nation Rome	0
A8_cur1_nation00.png	nation	0	OK	Leader Appius Claudius	Leader Appius Claudius	1
A8_cur1_nation00.png	nation	0	OK	Capital Rome	Capital Rome	2
A8_cur1_nation00.png	nation	0	OK	Cities 25	Cities 25	3
A8_cur1_nation00.png	nation	0	OK	Population 2,577,000	Population 2,577,000	4
A8_cur1_nation00.png	nation	0	OK	Unity very high	Unity very high	5
A8_cur1_nation00.png	nation	0	OK	Tax rate 10%	Tax rate 10%	6
A8_cur1_nation00.png	nation	0	OK	INTERNATIONAL RELATIONS	INTERNATIONAL RELATIONS	10
A8_cur1_nation00.png	nation	0	OK	Carthage	Carthage	12
A8_cur1_nation00.png	nation	0	OK	Seleucid	Seleucid	13
A8_cur1_nation00.png	nation	0	OK	Ptolemaic	Ptolemaic	14
A8_cur1_nation00.png	nation	0	OK	Macedonia	Macedonia	15
A8_cur1_nation00.png	nation	0	OK	Numidia	Numidia	16
A8_cur1_nation00.png	nation	0	OK	Gaul war	Gaul war	17
A8_cur1_nation00.png	nation	0	OK	Greece	Greece	18
A8_cur1_nation00.png	nation	0	OK	Celtiberia	Celtiberia	19
A8_cur1_nation00.png	nation	0	OK	Illyria trade	Illyria trade	20
A8_cur1_nation00.png	nation	0	OK	Dacia	Dacia	21
A8_cur1_nation00.png	nation	0	OK	Bithynia	Bithynia	22
A8_cur1_nation00.png	nation	0	OK	Galatia	Galatia	23
A8_cur1_nation00.png	nation	0	OK	Armenia	Armenia	24
A8_cur1_nation00.png	nation	0	OK	Media	Media	25
A8_cur1_nation00.png	nation	0	OK	Thracia	Thracia	26
A8_cur1_nation02.png	nation	2	OK	Nation Seleucid	Nation Seleucid	0
A8_cur1_nation02.png	nation	2	OK	Leader Darius	Leader Darius	1
A8_cur1_nation02.png	nation	2	OK	Capital Antioch	Capital Antioch	2
A8_cur1_nation02.png	nation	2	OK	Cities 62	Cities 62	3
A8_cur1_nation02.png	nation	2	OK	Population 16,944,000	Population 16,944,000	4
A8_cur1_nation02.png	nation	2	OK	Unity normal	Unity normal	5
A8_cur1_nation02.png	nation	2	OK	Tax rate 18%	Tax rate 18%	6
A8_cur1_nation02.png	nation	2	OK	INTERNATIONAL RELATIONS	INTERNATIONAL RELATIONS	10
A8_cur1_nation02.png	nation	2	OK	Rome	Rome	11
A8_cur1_nation02.png	nation	2	OK	Carthage trade	Carthage trade	12
A8_cur1_nation02.png	nation	2	OK	Ptolemaic	Ptolemaic	14
A8_cur1_nation02.png	nation	2	OK	Macedonia	Macedonia	15
A8_cur1_nation02.png	nation	2	OK	Numidia	Numidia	16
A8_cur1_nation02.png	nation	2	OK	Gaul	Gaul	17
A8_cur1_nation02.png	nation	2	OK	Greece trade	Greece trade	18
A8_cur1_nation02.png	nation	2	OK	Celtiberia	Celtiberia	19
A8_cur1_nation02.png	nation	2	OK	Illyria	Illyria	20
A8_cur1_nation02.png	nation	2	OK	Dacia	Dacia	21
A8_cur1_nation02.png	nation	2	OK	Bithynia war	Bithynia war	22
A8_cur1_nation02.png	nation	2	OK	Galatia war	Galatia war	23
A8_cur1_nation02.png	nation	2	OK	Armenia	Armenia	24
A8_cur1_nation02.png	nation	2	OK	Media trade	Media trade	25
A8_cur1_nation02.png	nation	2	OK	Thracia	Thracia	26
