trial,cell,build,level,attacker,defender,size,seed,rep,exe,status,half_rounds,winner,end_turn_clicks,att_troops_before,att_troops_after,att_loss,def_troops_before,def_troops_after,def_loss,att_destroyed,def_destroyed,att_promotions,def_promotions,end_condition,result,dialog,seconds,start_save,series_first,series_last,post_save,post_sha12,series_sha12,halflog,loss_rows,unambiguous_rows
hi-hi-one_s1_r1,hi-hi-one,lab,L1 from FLD-RG (labelled synthetic),hi,hi,one,1,1,Imperial Conquest 2 lab s1.exe,ok,19,defender,0,6000,0,6000,6000,2958,3042,True,False,0,0,loser destroyed,Gaul defeats Rome,Offer of peace,55.2,hi-hi-one_start.SAV,hi-hi-one_s1_r1_BATTLE01.SAV,hi-hi-one_s1_r1_BATTLE19.SAV,hi-hi-one_s1_r1_post.SAV,1043d0aaccf3,f519450fcd31,halfrounds-hi-hi-one_s1_r1.jsonl,26,26
hi-hi-one_s1_r2,hi-hi-one,lab,L1 from FLD-RG (labelled synthetic),hi,hi,one,1,2,Imperial Conquest 2 lab s1.exe,ok,19,defender,0,6000,0,6000,6000,2958,3042,True,False,0,0,loser destroyed,Gaul defeats Rome,Offer of peace,58.5,hi-hi-one_start.SAV,hi-hi-one_s1_r2_BATTLE01.SAV,hi-hi-one_s1_r2_BATTLE19.SAV,hi-hi-one_s1_r2_post.SAV,1043d0aaccf3,f519450fcd31,halfrounds-hi-hi-one_s1_r2.jsonl,26,26
hi-hi-one_s2_r1,hi-hi-one,lab,L1 from FLD-RG (labelled synthetic),hi,hi,one,2,1,Imperial Conquest 2 lab s2.exe,ok,18,defender,0,6000,0,6000,6000,2831,3169,True,False,0,0,loser destroyed,Gaul defeats Rome,,49.8,hi-hi-one_start.SAV,hi-hi-one_s2_r1_BATTLE01.SAV,hi-hi-one_s2_r1_BATTLE18.SAV,hi-hi-one_s2_r1_post.SAV,3e4a5b00b6de,890aeb5cb906,halfrounds-hi-hi-one_s2_r1.jsonl,24,24
hi-hi-one_s2_r2,hi-hi-one,lab,L1 from FLD-RG (labelled synthetic),hi,hi,one,2,2,Imperial Conquest 2 lab s2.exe,ok,18,defender,0,6000,0,6000,6000,2831,3169,True,False,0,0,loser destroyed,Gaul defeats Rome,,49.4,hi-hi-one_start.SAV,hi-hi-one_s2_r2_BATTLE01.SAV,hi-hi-one_s2_r2_BATTLE18.SAV,hi-hi-one_s2_r2_post.SAV,3e4a5b00b6de,890aeb5cb906,halfrounds-hi-hi-one_s2_r2.jsonl,24,24
hi-hi-one_s3_r1,hi-hi-one,lab,L1 from FLD-RG (labelled synthetic),hi,hi,one,3,1,Imperial Conquest 2 lab s3.exe,ok,15,defender,0,6000,0,6000,6000,4196,1804,True,False,0,0,loser destroyed,Gaul defeats Rome,Offer of peace,55.5,hi-hi-one_start.SAV,hi-hi-one_s3_r1_BATTLE01.SAV,hi-hi-one_s3_r1_BATTLE15.SAV,hi-hi-one_s3_r1_post.SAV,0e99a9b52809,654956f1d1ad,halfrounds-hi-hi-one_s3_r1.jsonl,18,18
hi-hi-one_s3_r2,hi-hi-one,lab,L1 from FLD-RG (labelled synthetic),hi,hi,one,3,2,Imperial Conquest 2 lab s3.exe,ok,15,defender,0,6000,0,6000,6000,4196,1804,True,False,0,0,loser destroyed,Gaul defeats Rome,Offer of peace,56.0,hi-hi-one_start.SAV,hi-hi-one_s3_r2_BATTLE01.SAV,hi-hi-one_s3_r2_BATTLE15.SAV,hi-hi-one_s3_r2_post.SAV,0e99a9b52809,654956f1d1ad,halfrounds-hi-hi-one_s3_r2.jsonl,18,18
hi-hi-one_s1_r3,hi-hi-one,lab,L1 from FLD-RG (labelled synthetic),hi,hi,one,1,3,Imperial Conquest 2 lab s1.exe,ok,19,defender,0,6000,0,6000,6000,2958,3042,True,False,0,0,loser destroyed,Gaul defeats Rome,Offer of peace,54.6,hi-hi-one_start.SAV,hi-hi-one_s1_r3_BATTLE01.SAV,hi-hi-one_s1_r3_BATTLE19.SAV,hi-hi-one_s1_r3_post.SAV,1043d0aaccf3,f519450fcd31,halfrounds-hi-hi-one_s1_r3.jsonl,26,26
hi-hi-one_s1_r4,hi-hi-one,lab,L1 from FLD-RG (labelled synthetic),hi,hi,one,1,4,Imperial Conquest 2 lab s1.exe,ok,19,defender,0,6000,0,6000,6000,2958,3042,True,False,0,0,loser destroyed,Gaul defeats Rome,Offer of peace,55.1,hi-hi-one_start.SAV,hi-hi-one_s1_r4_BATTLE01.SAV,hi-hi-one_s1_r4_BATTLE19.SAV,hi-hi-one_s1_r4_post.SAV,1043d0aaccf3,f519450fcd31,halfrounds-hi-hi-one_s1_r4.jsonl,26,26
hi-hi-one_s2_r3,hi-hi-one,lab,L1 from FLD-RG (labelled synthetic),hi,hi,one,2,3,Imperial Conquest 2 lab s2.exe,ok,18,defender,0,6000,0,6000,6000,2831,3169,True,False,0,0,loser destroyed,Gaul defeats Rome,,48.4,hi-hi-one_start.SAV,hi-hi-one_s2_r3_BATTLE01.SAV,hi-hi-one_s2_r3_BATTLE18.SAV,hi-hi-one_s2_r3_post.SAV,3e4a5b00b6de,890aeb5cb906,halfrounds-hi-hi-one_s2_r3.jsonl,24,24
hi-hi-one_s2_r4,hi-hi-one,lab,L1 from FLD-RG (labelled synthetic),hi,hi,one,2,4,Imperial Conquest 2 lab s2.exe,ok,18,defender,0,6000,0,6000,6000,2831,3169,True,False,0,0,loser destroyed,Gaul defeats Rome,,49.0,hi-hi-one_start.SAV,hi-hi-one_s2_r4_BATTLE01.SAV,hi-hi-one_s2_r4_BATTLE18.SAV,hi-hi-one_s2_r4_post.SAV,3e4a5b00b6de,890aeb5cb906,halfrounds-hi-hi-one_s2_r4.jsonl,24,24
hi-hi-one_s3_r3,hi-hi-one,lab,L1 from FLD-RG (labelled synthetic),hi,hi,one,3,3,Imperial Conquest 2 lab s3.exe,ok,15,defender,0,6000,0,6000,6000,4196,1804,True,False,0,0,loser destroyed,Gaul defeats Rome,Offer of peace,55.1,hi-hi-one_start.SAV,hi-hi-one_s3_r3_BATTLE01.SAV,hi-hi-one_s3_r3_BATTLE15.SAV,hi-hi-one_s3_r3_post.SAV,0e99a9b52809,654956f1d1ad,halfrounds-hi-hi-one_s3_r3.jsonl,18,18
hi-hi-one_s3_r4,hi-hi-one,lab,L1 from FLD-RG (labelled synthetic),hi,hi,one,3,4,Imperial Conquest 2 lab s3.exe,ok,15,defender,0,6000,0,6000,6000,4196,1804,True,False,0,0,loser destroyed,Gaul defeats Rome,Offer of peace,54.5,hi-hi-one_start.SAV,hi-hi-one_s3_r4_BATTLE01.SAV,hi-hi-one_s3_r4_BATTLE15.SAV,hi-hi-one_s3_r4_post.SAV,0e99a9b52809,654956f1d1ad,halfrounds-hi-hi-one_s3_r4.jsonl,18,18
lc-ar-half_s1_r1,lc-ar-half,lab,L1 from FLD-RG (labelled synthetic),lc,ar,half,1,1,Imperial Conquest 2 lab s1.exe,ok,11,attacker,0,3500,3030,470,1750,0,1750,False,True,1,0,loser destroyed,Rome defeats Gaul,,49.8,lc-ar-half_start.SAV,lc-ar-half_s1_r1_BATTLE01.SAV,lc-ar-half_s1_r1_BATTLE11.SAV,lc-ar-half_s1_r1_post.SAV,e5daa68940b1,7d4f5c973e5d,halfrounds-lc-ar-half_s1_r1.jsonl,5,2
hi-li-one_s1_r1,hi-li-one,lab,L1 from FLD-RG (labelled synthetic),hi,li,one,1,1,Imperial Conquest 2 lab s1.exe,ok,13,attacker,0,6000,5414,586,15000,0,15000,False,True,1,0,loser destroyed,Rome defeats Gaul,,49.2,hi-li-one_start.SAV,hi-li-one_s1_r1_BATTLE01.SAV,hi-li-one_s1_r1_BATTLE13.SAV,hi-li-one_s1_r1_post.SAV,3357ec500d22,38a0c0d51b72,halfrounds-hi-li-one_s1_r1.jsonl,15,12
ar-hc-three_s1_r1,ar-hc-three,lab,L1 from FLD-RG (labelled synthetic),ar,hc,three,1,1,Imperial Conquest 2 lab s1.exe,ok,24,defender,1,10500,0,10500,7500,4898,2602,True,False,0,2,loser destroyed,Gaul defeats Rome,,50.8,ar-hc-three_start.SAV,ar-hc-three_s1_r1_BATTLE01.SAV,ar-hc-three_s1_r1_BATTLE24.SAV,ar-hc-three_s1_r1_post.SAV,7c7e72e37623,7fa2e2a0b446,halfrounds-ar-hc-three_s1_r1.jsonl,32,4
li-li-half_s1_r1,li-li-half,lab,L1 from FLD-RG (labelled synthetic),li,li,half,1,1,Imperial Conquest 2 lab s1.exe,ok,18,defender,0,7500,0,7500,7500,2617,4883,True,False,0,0,loser destroyed,Gaul defeats Rome,,49.2,li-li-half_start.SAV,li-li-half_s1_r1_BATTLE01.SAV,li-li-half_s1_r1_BATTLE18.SAV,li-li-half_s1_r1_post.SAV,e7882c5cd0f1,4a64dafdd926,halfrounds-li-li-half_s1_r1.jsonl,21,15
li-li-half_s2_r1,li-li-half,lab,L1 from FLD-RG (labelled synthetic),li,li,half,2,1,Imperial Conquest 2 lab s2.exe,ok,14,defender,0,7500,0,7500,7500,4436,3064,True,False,0,0,loser destroyed,Gaul defeats Rome,Offer of peace,55.7,li-li-half_start.SAV,li-li-half_s2_r1_BATTLE01.SAV,li-li-half_s2_r1_BATTLE14.SAV,li-li-half_s2_r1_post.SAV,06faa2c4c3e5,bc47164f0829,halfrounds-li-li-half_s2_r1.jsonl,13,7
li-li-half_s3_r1,li-li-half,lab,L1 from FLD-RG (labelled synthetic),li,li,half,3,1,Imperial Conquest 2 lab s3.exe,ok,14,defender,0,7500,0,7500,7500,5184,2316,True,False,0,0,loser destroyed,Gaul defeats Rome,,49.9,li-li-half_start.SAV,li-li-half_s3_r1_BATTLE01.SAV,li-li-half_s3_r1_BATTLE14.SAV,li-li-half_s3_r1_post.SAV,5ec2047da194,a29404ccb1ca,halfrounds-li-li-half_s3_r1.jsonl,13,7
li-hi-half_s1_r1,li-hi-half,lab,L1 from FLD-RG (labelled synthetic),li,hi,half,1,1,Imperial Conquest 2 lab s1.exe,ok,12,defender,0,7500,0,7500,3000,2765,235,True,False,0,1,loser destroyed,Gaul defeats Rome,,49.6,li-hi-half_start.SAV,li-hi-half_s1_r1_BATTLE01.SAV,li-hi-half_s1_r1_BATTLE12.SAV,li-hi-half_s1_r1_post.SAV,52839e6b7647,00725af306c0,halfrounds-li-hi-half_s1_r1.jsonl,11,8
li-hi-half_s2_r1,li-hi-half,lab,L1 from FLD-RG (labelled synthetic),li,hi,half,2,1,Imperial Conquest 2 lab s2.exe,ok,12,defender,0,7500,0,7500,3000,2817,183,True,False,0,0,loser destroyed,Gaul defeats Rome,,50.0,li-hi-half_start.SAV,li-hi-half_s2_r1_BATTLE01.SAV,li-hi-half_s2_r1_BATTLE12.SAV,li-hi-half_s2_r1_post.SAV,bbd68ef3b9c9,297145ed6e19,halfrounds-li-hi-half_s2_r1.jsonl,8,6
li-hi-half_s3_r1,li-hi-half,lab,L1 from FLD-RG (labelled synthetic),li,hi,half,3,1,Imperial Conquest 2 lab s3.exe,ok,12,defender,0,7500,0,7500,3000,2689,311,True,False,0,1,loser destroyed,Gaul defeats Rome,,50.0,li-hi-half_start.SAV,li-hi-half_s3_r1_BATTLE01.SAV,li-hi-half_s3_r1_BATTLE12.SAV,li-hi-half_s3_r1_post.SAV,3f8a7362d499,1fbe2eb04397,halfrounds-li-hi-half_s3_r1.jsonl,11,8
li-ar-half_s1_r1,li-ar-half,lab,L1 from FLD-RG (labelled synthetic),li,ar,half,1,1,Imperial Conquest 2 lab s1.exe,ok,11,attacker,0,7500,6878,622,1750,0,1750,False,True,0,0,loser destroyed,Rome defeats Gaul,,49.6,li-ar-half_start.SAV,li-ar-half_s1_r1_BATTLE01.SAV,li-ar-half_s1_r1_BATTLE11.SAV,li-ar-half_s1_r1_post.SAV,343a8163f29c,a783d76aeec5,halfrounds-li-ar-half_s1_r1.jsonl,5,2
li-ar-half_s2_r1,li-ar-half,lab,L1 from FLD-RG (labelled synthetic),li,ar,half,2,1,Imperial Conquest 2 lab s2.exe,ok,13,attacker,0,7500,6710,790,1750,0,1750,False,True,0,0,loser destroyed,Rome defeats Gaul,,49.7,li-ar-half_start.SAV,li-ar-half_s2_r1_BATTLE01.SAV,li-ar-half_s2_r1_BATTLE13.SAV,li-ar-half_s2_r1_post.SAV,fe85951d5da6,816a9030aa9f,halfrounds-li-ar-half_s2_r1.jsonl,5,2
li-ar-half_s3_r1,li-ar-half,lab,L1 from FLD-RG (labelled synthetic),li,ar,half,3,1,Imperial Conquest 2 lab s3.exe,ok,11,attacker,0,7500,6678,822,1750,0,1750,False,True,0,0,loser destroyed,Rome defeats Gaul,,49.7,li-ar-half_start.SAV,li-ar-half_s3_r1_BATTLE01.SAV,li-ar-half_s3_r1_BATTLE11.SAV,li-ar-half_s3_r1_post.SAV,dff6aefa3f59,5049e94df30a,halfrounds-li-ar-half_s3_r1.jsonl,5,2
li-lc-half_s1_r1,li-lc-half,lab,L1 from FLD-RG (labelled synthetic),li,lc,half,1,1,Imperial Conquest 2 lab s1.exe,ok,15,defender,0,7500,0,7500,3500,2543,957,True,False,0,0,loser destroyed,Gaul defeats Rome,,49.4,li-lc-half_start.SAV,li-lc-half_s1_r1_BATTLE01.SAV,li-lc-half_s1_r1_BATTLE15.SAV,li-lc-half_s1_r1_post.SAV,daafb7726dd7,b03487587334,halfrounds-li-lc-half_s1_r1.jsonl,11,6
li-lc-half_s2_r1,li-lc-half,lab,L1 from FLD-RG (labelled synthetic),li,lc,half,2,1,Imperial Conquest 2 lab s2.exe,ok,12,defender,0,7500,0,7500,3500,2707,793,True,False,0,0,loser destroyed,Gaul defeats Rome,Offer of peace,56.4,li-lc-half_start.SAV,li-lc-half_s2_r1_BATTLE01.SAV,li-lc-half_s2_r1_BATTLE12.SAV,li-lc-half_s2_r1_post.SAV,40c40770191b,ced048a19931,halfrounds-li-lc-half_s2_r1.jsonl,9,5
li-lc-half_s3_r1,li-lc-half,lab,L1 from FLD-RG (labelled synthetic),li,lc,half,3,1,Imperial Conquest 2 lab s3.exe,ok,12,defender,0,7500,0,7500,3500,2841,659,True,False,0,1,loser destroyed,Gaul defeats Rome,,49.3,li-lc-half_start.SAV,li-lc-half_s3_r1_BATTLE01.SAV,li-lc-half_s3_r1_BATTLE12.SAV,li-lc-half_s3_r1_post.SAV,ef8a9d5024a3,150c64b3045a,halfrounds-li-lc-half_s3_r1.jsonl,9,5
li-hc-half_s1_r1,li-hc-half,lab,L1 from FLD-RG (labelled synthetic),li,hc,half,1,1,Imperial Conquest 2 lab s1.exe,ok,21,defender,0,7500,0,7500,1250,311,939,True,False,0,1,loser destroyed,Gaul defeats Rome,,49.3,li-hc-half_start.SAV,li-hc-half_s1_r1_BATTLE01.SAV,li-hc-half_s1_r1_BATTLE21.SAV,li-hc-half_s1_r1_post.SAV,f94cd9a98bd4,541f5c97fcbd,halfrounds-li-hc-half_s1_r1.jsonl,26,23
li-hc-half_s2_r1,li-hc-half,lab,L1 from FLD-RG (labelled synthetic),li,hc,half,2,1,Imperial Conquest 2 lab s2.exe,ok,17,attacker,0,7500,3884,3616,1250,0,1250,False,True,0,0,loser destroyed,Rome defeats Gaul,,49.3,li-hc-half_start.SAV,li-hc-half_s2_r1_BATTLE01.SAV,li-hc-half_s2_r1_BATTLE17.SAV,li-hc-half_s2_r1_post.SAV,e9430c22869a,659aedd41478,halfrounds-li-hc-half_s2_r1.jsonl,18,15
li-hc-half_s3_r1,li-hc-half,lab,L1 from FLD-RG (labelled synthetic),li,hc,half,3,1,Imperial Conquest 2 lab s3.exe,ok,24,attacker,0,7500,1559,5941,1250,0,1250,False,True,0,0,loser destroyed,Rome defeats Gaul,,49.2,li-hc-half_start.SAV,li-hc-half_s3_r1_BATTLE01.SAV,li-hc-half_s3_r1_BATTLE24.SAV,li-hc-half_s3_r1_post.SAV,c4cfad2a0f27,bd3ace41e3a5,halfrounds-li-hc-half_s3_r1.jsonl,32,29
li-li-one_s1_r1,li-li-one,lab,L1 from FLD-RG (labelled synthetic),li,li,one,1,1,Imperial Conquest 2 lab s1.exe,ok,20,defender,0,15000,0,15000,15000,5254,9746,True,False,0,0,loser destroyed,Gaul defeats Rome,Offer of peace,55.9,li-li-one_start.SAV,li-li-one_s1_r1_BATTLE01.SAV,li-li-one_s1_r1_BATTLE20.SAV,li-li-one_s1_r1_post.SAV,5f83e3b47b5c,b45d20b9332f,halfrounds-li-li-one_s1_r1.jsonl,25,19
li-li-one_s2_r1,li-li-one,lab,L1 from FLD-RG (labelled synthetic),li,li,one,2,1,Imperial Conquest 2 lab s2.exe,ok,16,defender,0,15000,0,15000,15000,8660,6340,True,False,0,0,loser destroyed,Gaul defeats Rome,,49.5,li-li-one_start.SAV,li-li-one_s2_r1_BATTLE01.SAV,li-li-one_s2_r1_BATTLE16.SAV,li-li-one_s2_r1_post.SAV,e69d0f8d04e2,7872e9d90b40,halfrounds-li-li-one_s2_r1.jsonl,17,11
li-li-one_s3_r1,li-li-one,lab,L1 from FLD-RG (labelled synthetic),li,li,one,3,1,Imperial Conquest 2 lab s3.exe,ok,15,defender,0,15000,0,15000,15000,10250,4750,True,False,0,0,loser destroyed,Gaul defeats Rome,Offer of peace,55.7,li-li-one_start.SAV,li-li-one_s3_r1_BATTLE01.SAV,li-li-one_s3_r1_BATTLE15.SAV,li-li-one_s3_r1_post.SAV,eafe3c695716,5b38b55c91ae,halfrounds-li-li-one_s3_r1.jsonl,15,9
li-hi-one_s1_r1,li-hi-one,lab,L1 from FLD-RG (labelled synthetic),li,hi,one,1,1,Imperial Conquest 2 lab s1.exe,ok,13,defender,0,15000,0,15000,6000,5559,441,True,False,0,0,loser destroyed,Gaul defeats Rome,,50.0,li-hi-one_start.SAV,li-hi-one_s1_r1_BATTLE01.SAV,li-hi-one_s1_r1_BATTLE13.SAV,li-hi-one_s1_r1_post.SAV,a42aad1ee12e,62c7c6cf2927,halfrounds-li-hi-one_s1_r1.jsonl,13,10
li-hi-one_s2_r1,li-hi-one,lab,L1 from FLD-RG (labelled synthetic),li,hi,one,2,1,Imperial Conquest 2 lab s2.exe,ok,14,defender,0,15000,0,15000,6000,5640,360,True,False,0,0,loser destroyed,Gaul defeats Rome,,50.1,li-hi-one_start.SAV,li-hi-one_s2_r1_BATTLE01.SAV,li-hi-one_s2_r1_BATTLE14.SAV,li-hi-one_s2_r1_post.SAV,92e3226725aa,f93ae7ae8312,halfrounds-li-hi-one_s2_r1.jsonl,12,9
li-hi-one_s3_r1,li-hi-one,lab,L1 from FLD-RG (labelled synthetic),li,hi,one,3,1,Imperial Conquest 2 lab s3.exe,ok,13,defender,0,15000,0,15000,6000,5412,588,True,False,0,0,loser destroyed,Gaul defeats Rome,Offer of peace,56.5,li-hi-one_start.SAV,li-hi-one_s3_r1_BATTLE01.SAV,li-hi-one_s3_r1_BATTLE13.SAV,li-hi-one_s3_r1_post.SAV,508a21bb7e1d,8946a9a2e569,halfrounds-li-hi-one_s3_r1.jsonl,13,10
li-ar-one_s1_r1,li-ar-one,lab,L1 from FLD-RG (labelled synthetic),li,ar,one,1,1,Imperial Conquest 2 lab s1.exe,ok,13,attacker,0,15000,13685,1315,3500,0,3500,False,True,0,0,loser destroyed,Rome defeats Gaul,,50.2,li-ar-one_start.SAV,li-ar-one_s1_r1_BATTLE01.SAV,li-ar-one_s1_r1_BATTLE13.SAV,li-ar-one_s1_r1_post.SAV,c085e68fdfc1,f18ed33600d2,halfrounds-li-ar-one_s1_r1.jsonl,8,3
li-ar-one_s2_r1,li-ar-one,lab,L1 from FLD-RG (labelled synthetic),li,ar,one,2,1,Imperial Conquest 2 lab s2.exe,ok,13,attacker,0,15000,13431,1569,3500,0,3500,False,True,1,0,loser destroyed,Rome defeats Gaul,,50.0,li-ar-one_start.SAV,li-ar-one_s2_r1_BATTLE01.SAV,li-ar-one_s2_r1_BATTLE13.SAV,li-ar-one_s2_r1_post.SAV,385c6b02b906,cad431bba757,halfrounds-li-ar-one_s2_r1.jsonl,5,2
li-ar-one_s3_r1,li-ar-one,lab,L1 from FLD-RG (labelled synthetic),li,ar,one,3,1,Imperial Conquest 2 lab s3.exe,ok,13,attacker,0,15000,13297,1703,3500,0,3500,False,True,0,0,loser destroyed,Rome defeats Gaul,,49.5,li-ar-one_start.SAV,li-ar-one_s3_r1_BATTLE01.SAV,li-ar-one_s3_r1_BATTLE13.SAV,li-ar-one_s3_r1_post.SAV,0939fc872978,d4b133a99176,halfrounds-li-ar-one_s3_r1.jsonl,8,3
li-lc-one_s1_r1,li-lc-one,lab,L1 from FLD-RG (labelled synthetic),li,lc,one,1,1,Imperial Conquest 2 lab s1.exe,ok,17,defender,0,15000,0,15000,7000,5177,1823,True,False,0,0,loser destroyed,Gaul defeats Rome,,49.3,li-lc-one_start.SAV,li-lc-one_s1_r1_BATTLE01.SAV,li-lc-one_s1_r1_BATTLE17.SAV,li-lc-one_s1_r1_post.SAV,d4a0a868040b,37548bb0f75a,halfrounds-li-lc-one_s1_r1.jsonl,15,10
li-lc-one_s2_r1,li-lc-one,lab,L1 from FLD-RG (labelled synthetic),li,lc,one,2,1,Imperial Conquest 2 lab s2.exe,ok,14,defender,0,15000,0,15000,7000,5434,1566,True,False,0,0,loser destroyed,Gaul defeats Rome,Offer of peace,55.5,li-lc-one_start.SAV,li-lc-one_s2_r1_BATTLE01.SAV,li-lc-one_s2_r1_BATTLE14.SAV,li-lc-one_s2_r1_post.SAV,6cdcb7249e7e,3cb8faa61f60,halfrounds-li-lc-one_s2_r1.jsonl,13,8
li-lc-one_s3_r1,li-lc-one,lab,L1 from FLD-RG (labelled synthetic),li,lc,one,3,1,Imperial Conquest 2 lab s3.exe,ok,13,defender,0,15000,0,15000,7000,5695,1305,True,False,0,1,loser destroyed,Gaul defeats Rome,,49.5,li-lc-one_start.SAV,li-lc-one_s3_r1_BATTLE01.SAV,li-lc-one_s3_r1_BATTLE13.SAV,li-lc-one_s3_r1_post.SAV,4aa4e0dcce3e,22723cdc40ca,halfrounds-li-lc-one_s3_r1.jsonl,11,6
li-hc-one_s1_r1,li-hc-one,lab,L1 from FLD-RG (labelled synthetic),li,hc,one,1,1,Imperial Conquest 2 lab s1.exe,ok,21,defender,0,15000,0,15000,2500,781,1719,True,False,0,1,loser destroyed,Gaul defeats Rome,,49.8,li-hc-one_start.SAV,li-hc-one_s1_r1_BATTLE01.SAV,li-hc-one_s1_r1_BATTLE21.SAV,li-hc-one_s1_r1_post.SAV,ef5326f8815f,918a9907d1a5,halfrounds-li-hc-one_s1_r1.jsonl,26,23
li-hc-one_s2_r1,li-hc-one,lab,L1 from FLD-RG (labelled synthetic),li,hc,one,2,1,Imperial Conquest 2 lab s2.exe,ok,20,attacker,0,15000,7033,7967,2500,0,2500,False,True,0,0,loser destroyed,Rome defeats Gaul,,49.7,li-hc-one_start.SAV,li-hc-one_s2_r1_BATTLE01.SAV,li-hc-one_s2_r1_BATTLE20.SAV,li-hc-one_s2_r1_post.SAV,6e156cd0b4aa,1a718b45fa7f,halfrounds-li-hc-one_s2_r1.jsonl,24,21
li-hc-one_s3_r1,li-hc-one,lab,L1 from FLD-RG (labelled synthetic),li,hc,one,3,1,Imperial Conquest 2 lab s3.exe,ok,26,defender,0,15000,0,15000,2500,536,1964,True,False,0,0,loser destroyed,Gaul defeats Rome,Offer of peace,57.2,li-hc-one_start.SAV,li-hc-one_s3_r1_BATTLE01.SAV,li-hc-one_s3_r1_BATTLE26.SAV,li-hc-one_s3_r1_post.SAV,d2d61ab3cae0,2d0b51f06ce5,halfrounds-li-hc-one_s3_r1.jsonl,36,33
li-li-three_s1_r1,li-li-three,lab,L1 from FLD-RG (labelled synthetic),li,li,three,1,1,Imperial Conquest 2 lab s1.exe,ok,20,defender,1,45000,0,45000,45000,20280,24720,True,False,0,1,loser destroyed,Gaul defeats Rome,Offer of peace,58.1,li-li-three_start.SAV,li-li-three_s1_r1_BATTLE01.SAV,li-li-three_s1_r1_BATTLE20.SAV,li-li-three_s1_r1_post.SAV,7dadc1566e46,9aa0a13ef917,halfrounds-li-li-three_s1_r1.jsonl,44,12
li-li-three_s2_r1,li-li-three,lab,L1 from FLD-RG (labelled synthetic),li,li,three,2,1,Imperial Conquest 2 lab s2.exe,ok,20,defender,1,45000,0,45000,45000,22385,22615,True,False,0,1,loser destroyed,Gaul defeats Rome,Offer of peace,57.4,li-li-three_start.SAV,li-li-three_s2_r1_BATTLE01.SAV,li-li-three_s2_r1_BATTLE20.SAV,li-li-three_s2_r1_post.SAV,4c8bf8937ddc,8a6fed6e403d,halfrounds-li-li-three_s2_r1.jsonl,41,4
li-li-three_s3_r1,li-li-three,lab,L1 from FLD-RG (labelled synthetic),li,li,three,3,1,Imperial Conquest 2 lab s3.exe,ok,16,defender,1,45000,0,45000,45000,27440,17560,True,False,0,0,loser destroyed,Gaul defeats Rome,Offer of peace,57.1,li-li-three_start.SAV,li-li-three_s3_r1_BATTLE01.SAV,li-li-three_s3_r1_BATTLE16.SAV,li-li-three_s3_r1_post.SAV,09e0512065ab,2e7d948cb3d9,halfrounds-li-li-three_s3_r1.jsonl,32,8
li-hi-three_s1_r1,li-hi-three,lab,L1 from FLD-RG (labelled synthetic),li,hi,three,1,1,Imperial Conquest 2 lab s1.exe,ok,14,defender,0,45000,0,45000,18000,16070,1930,True,False,0,0,loser destroyed,Gaul defeats Rome,,50.0,li-hi-three_start.SAV,li-hi-three_s1_r1_BATTLE01.SAV,li-hi-three_s1_r1_BATTLE14.SAV,li-hi-three_s1_r1_post.SAV,d14f4e43db58,f807e5c2cfae,halfrounds-li-hi-three_s1_r1.jsonl,34,2
li-hi-three_s2_r1,li-hi-three,lab,L1 from FLD-RG (labelled synthetic),li,hi,three,2,1,Imperial Conquest 2 lab s2.exe,ok,16,defender,0,45000,0,45000,18000,16326,1674,True,False,0,1,loser destroyed,Gaul defeats Rome,,51.3,li-hi-three_start.SAV,li-hi-three_s2_r1_BATTLE01.SAV,li-hi-three_s2_r1_BATTLE16.SAV,li-hi-three_s2_r1_post.SAV,e514a27fdf2d,73e3822028bc,halfrounds-li-hi-three_s2_r1.jsonl,33,7
li-hi-three_s3_r1,li-hi-three,lab,L1 from FLD-RG (labelled synthetic),li,hi,three,3,1,Imperial Conquest 2 lab s3.exe,ok,14,defender,0,45000,0,45000,18000,16202,1798,True,False,0,0,loser destroyed,Gaul defeats Rome,Offer of peace,57.3,li-hi-three_start.SAV,li-hi-three_s3_r1_BATTLE01.SAV,li-hi-three_s3_r1_BATTLE14.SAV,li-hi-three_s3_r1_post.SAV,605faefcf4c8,d1df64f4de77,halfrounds-li-hi-three_s3_r1.jsonl,34,2
li-ar-three_s1_r1,li-ar-three,lab,L1 from FLD-RG (labelled synthetic),li,ar,three,1,1,Imperial Conquest 2 lab s1.exe,ok,13,attacker,0,45000,40524,4476,10500,0,10500,False,True,0,0,loser destroyed,Rome defeats Gaul,,50.5,li-ar-three_start.SAV,li-ar-three_s1_r1_BATTLE01.SAV,li-ar-three_s1_r1_BATTLE13.SAV,li-ar-three_s1_r1_post.SAV,333be491cfe6,bcbba661198c,halfrounds-li-ar-three_s1_r1.jsonl,15,0
li-ar-three_s2_r1,li-ar-three,lab,L1 from FLD-RG (labelled synthetic),li,ar,three,2,1,Imperial Conquest 2 lab s2.exe,ok,13,attacker,1,45000,40894,4106,10500,0,10500,False,True,0,0,loser destroyed,Rome defeats Gaul,,51.5,li-ar-three_start.SAV,li-ar-three_s2_r1_BATTLE01.SAV,li-ar-three_s2_r1_BATTLE13.SAV,li-ar-three_s2_r1_post.SAV,a422805dcb49,35863772546c,halfrounds-li-ar-three_s2_r1.jsonl,16,0
li-ar-three_s3_r1,li-ar-three,lab,L1 from FLD-RG (labelled synthetic),li,ar,three,3,1,Imperial Conquest 2 lab s3.exe,ok,13,attacker,0,45000,41173,3827,10500,0,10500,False,True,0,0,loser destroyed,Rome defeats Gaul,,50.9,li-ar-three_start.SAV,li-ar-three_s3_r1_BATTLE01.SAV,li-ar-three_s3_r1_BATTLE13.SAV,li-ar-three_s3_r1_post.SAV,8380ed176d26,a3239f036426,halfrounds-li-ar-three_s3_r1.jsonl,15,0
li-lc-three_s1_r1,li-lc-three,lab,L1 from FLD-RG (labelled synthetic),li,lc,three,1,1,Imperial Conquest 2 lab s1.exe,ok,14,defender,1,45000,0,45000,21000,14496,6504,True,False,0,0,loser destroyed,Gaul defeats Rome,Offer of peace,57.3,li-lc-three_start.SAV,li-lc-three_s1_r1_BATTLE01.SAV,li-lc-three_s1_r1_BATTLE14.SAV,li-lc-three_s1_r1_post.SAV,87a5067a3ab1,eb1f8db21f3b,halfrounds-li-lc-three_s1_r1.jsonl,26,2
li-lc-three_s2_r1,li-lc-three,lab,L1 from FLD-RG (labelled synthetic),li,lc,three,2,1,Imperial Conquest 2 lab s2.exe,ok,18,defender,0,45000,0,45000,21000,13279,7721,True,False,0,1,loser destroyed,Gaul defeats Rome,Offer of peace,56.5,li-lc-three_start.SAV,li-lc-three_s2_r1_BATTLE01.SAV,li-lc-three_s2_r1_BATTLE18.SAV,li-lc-three_s2_r1_post.SAV,d8c296596af8,6956dbc83b48,halfrounds-li-lc-three_s2_r1.jsonl,37,4
li-lc-three_s3_r1,li-lc-three,lab,L1 from FLD-RG (labelled synthetic),li,lc,three,3,1,Imperial Conquest 2 lab s3.exe,ok,20,defender,1,45000,0,45000,21000,11322,9678,True,False,0,1,loser destroyed,Gaul defeats Rome,Offer of peace,57.2,li-lc-three_start.SAV,li-lc-three_s3_r1_BATTLE01.SAV,li-lc-three_s3_r1_BATTLE20.SAV,li-lc-three_s3_r1_post.SAV,21c0de4316e3,2e25f1e148ab,halfrounds-li-lc-three_s3_r1.jsonl,42,9
li-hc-three_s1_r1,li-hc-three,lab,L1 from FLD-RG (labelled synthetic),li,hc,three,1,1,Imperial Conquest 2 lab s1.exe,ok,22,attacker,0,45000,21479,23521,7500,0,7500,False,True,1,0,loser destroyed,Rome defeats Gaul,,51.3,li-hc-three_start.SAV,li-hc-three_s1_r1_BATTLE01.SAV,li-hc-three_s1_r1_BATTLE22.SAV,li-hc-three_s1_r1_post.SAV,742a1387194e,4afdf3f07ab3,halfrounds-li-hc-three_s1_r1.jsonl,46,11
li-hc-three_s2_r1,li-hc-three,lab,L1 from FLD-RG (labelled synthetic),li,hc,three,2,1,Imperial Conquest 2 lab s2.exe,ok,23,attacker,0,45000,19133,25867,7500,0,7500,False,True,0,0,loser destroyed,Rome defeats Gaul,,51.7,li-hc-three_start.SAV,li-hc-three_s2_r1_BATTLE01.SAV,li-hc-three_s2_r1_BATTLE23.SAV,li-hc-three_s2_r1_post.SAV,1da8b9e6a3f1,5580c379f227,halfrounds-li-hc-three_s2_r1.jsonl,46,13
li-hc-three_s3_r1,li-hc-three,lab,L1 from FLD-RG (labelled synthetic),li,hc,three,3,1,Imperial Conquest 2 lab s3.exe,ok,23,attacker,0,45000,18213,26787,7500,0,7500,False,True,1,0,loser destroyed,Rome defeats Gaul,,50.3,li-hc-three_start.SAV,li-hc-three_s3_r1_BATTLE01.SAV,li-hc-three_s3_r1_BATTLE23.SAV,li-hc-three_s3_r1_post.SAV,bd776adab120,a35bf18f2af5,halfrounds-li-hc-three_s3_r1.jsonl,46,12
hi-li-half_s1_r1,hi-li-half,lab,L1 from FLD-RG (labelled synthetic),hi,li,half,1,1,Imperial Conquest 2 lab s1.exe,ok,11,attacker,0,3000,2696,304,7500,0,7500,False,True,1,0,loser destroyed,Rome defeats Gaul,,49.2,hi-li-half_start.SAV,hi-li-half_s1_r1_BATTLE01.SAV,hi-li-half_s1_r1_BATTLE11.SAV,hi-li-half_s1_r1_post.SAV,06dc11f17250,4d23d9f63a66,halfrounds-hi-li-half_s1_r1.jsonl,11,8
hi-li-half_s2_r1,hi-li-half,lab,L1 from FLD-RG (labelled synthetic),hi,li,half,2,1,Imperial Conquest 2 lab s2.exe,ok,10,attacker,0,3000,2683,317,7500,0,7500,False,True,1,0,loser destroyed,Rome defeats Gaul,,49.4,hi-li-half_start.SAV,hi-li-half_s2_r1_BATTLE01.SAV,hi-li-half_s2_r1_BATTLE10.SAV,hi-li-half_s2_r1_post.SAV,a02c19e8a346,965370a30e9e,halfrounds-hi-li-half_s2_r1.jsonl,9,6
hi-li-half_s3_r1,hi-li-half,lab,L1 from FLD-RG (labelled synthetic),hi,li,half,3,1,Imperial Conquest 2 lab s3.exe,ok,11,attacker,0,3000,2717,283,7500,0,7500,False,True,1,0,loser destroyed,Rome defeats Gaul,,50.1,hi-li-half_start.SAV,hi-li-half_s3_r1_BATTLE01.SAV,hi-li-half_s3_r1_BATTLE11.SAV,hi-li-half_s3_r1_post.SAV,b26968dc6015,fea7ddc414fa,halfrounds-hi-li-half_s3_r1.jsonl,11,8
hi-hi-half_s1_r1,hi-hi-half,lab,L1 from FLD-RG (labelled synthetic),hi,hi,half,1,1,Imperial Conquest 2 lab s1.exe,ok,18,defender,0,3000,0,3000,3000,1489,1511,True,False,0,0,loser destroyed,Gaul defeats Rome,,49.9,hi-hi-half_start.SAV,hi-hi-half_s1_r1_BATTLE01.SAV,hi-hi-half_s1_r1_BATTLE18.SAV,hi-hi-half_s1_r1_post.SAV,872d70c96a9c,472b70c47adf,halfrounds-hi-hi-half_s1_r1.jsonl,24,24
hi-hi-half_s2_r1,hi-hi-half,lab,L1 from FLD-RG (labelled synthetic),hi,hi,half,2,1,Imperial Conquest 2 lab s2.exe,ok,17,defender,0,3000,0,3000,3000,1414,1586,True,False,0,0,loser destroyed,Gaul defeats Rome,Offer of peace,55.4,hi-hi-half_start.SAV,hi-hi-half_s2_r1_BATTLE01.SAV,hi-hi-half_s2_r1_BATTLE17.SAV,hi-hi-half_s2_r1_post.SAV,8b936c33d603,6ebff5f73da5,halfrounds-hi-hi-half_s2_r1.jsonl,22,22
hi-hi-half_s3_r1,hi-hi-half,lab,L1 from FLD-RG (labelled synthetic),hi,hi,half,3,1,Imperial Conquest 2 lab s3.exe,ok,13,defender,0,3000,0,3000,3000,2113,887,True,False,0,0,loser destroyed,Gaul defeats Rome,,49.1,hi-hi-half_start.SAV,hi-hi-half_s3_r1_BATTLE01.SAV,hi-hi-half_s3_r1_BATTLE13.SAV,hi-hi-half_s3_r1_post.SAV,f2a3d52cac21,65827e313a7d,halfrounds-hi-hi-half_s3_r1.jsonl,14,14
hi-ar-half_s1_r1,hi-ar-half,lab,L1 from FLD-RG (labelled synthetic),hi,ar,half,1,1,Imperial Conquest 2 lab s1.exe,ok,15,attacker,0,3000,2852,148,1750,0,1750,False,True,0,0,loser destroyed,Rome defeats Gaul,,49.4,hi-ar-half_start.SAV,hi-ar-half_s1_r1_BATTLE01.SAV,hi-ar-half_s1_r1_BATTLE15.SAV,hi-ar-half_s1_r1_post.SAV,1c6565e4fa2f,a9770b0ee16f,halfrounds-hi-ar-half_s1_r1.jsonl,9,5
hi-ar-half_s2_r1,hi-ar-half,lab,L1 from FLD-RG (labelled synthetic),hi,ar,half,2,1,Imperial Conquest 2 lab s2.exe,ok,15,attacker,0,3000,2839,161,1750,0,1750,False,True,0,0,loser destroyed,Rome defeats Gaul,,51.1,hi-ar-half_start.SAV,hi-ar-half_s2_r1_BATTLE01.SAV,hi-ar-half_s2_r1_BATTLE15.SAV,hi-ar-half_s2_r1_post.SAV,8ff7ea4de006,f7fb8563c2ee,halfrounds-hi-ar-half_s2_r1.jsonl,9,5
hi-ar-half_s3_r1,hi-ar-half,lab,L1 from FLD-RG (labelled synthetic),hi,ar,half,3,1,Imperial Conquest 2 lab s3.exe,ok,15,attacker,0,3000,2856,144,1750,0,1750,False,True,0,0,loser destroyed,Rome defeats Gaul,,51.1,hi-ar-half_start.SAV,hi-ar-half_s3_r1_BATTLE01.SAV,hi-ar-half_s3_r1_BATTLE15.SAV,hi-ar-half_s3_r1_post.SAV,65c3b192fa29,b70ec54fa622,halfrounds-hi-ar-half_s3_r1.jsonl,9,5
hi-lc-half_s1_r1,hi-lc-half,lab,L1 from FLD-RG (labelled synthetic),hi,lc,half,1,1,Imperial Conquest 2 lab s1.exe,ok,15,attacker,0,3000,1552,1448,3500,0,3500,False,True,0,0,loser destroyed,Rome defeats Gaul,,49.5,hi-lc-half_start.SAV,hi-lc-half_s1_r1_BATTLE01.SAV,hi-lc-half_s1_r1_BATTLE15.SAV,hi-lc-half_s1_r1_post.SAV,e272eab13d71,0999abb3ee23,halfrounds-hi-lc-half_s1_r1.jsonl,19,17
hi-lc-half_s2_r1,hi-lc-half,lab,L1 from FLD-RG (labelled synthetic),hi,lc,half,2,1,Imperial Conquest 2 lab s2.exe,ok,15,attacker,0,3000,1759,1241,3500,0,3500,False,True,0,0,loser destroyed,Rome defeats Gaul,,49.4,hi-lc-half_start.SAV,hi-lc-half_s2_r1_BATTLE01.SAV,hi-lc-half_s2_r1_BATTLE15.SAV,hi-lc-half_s2_r1_post.SAV,38fb4fb0b5e9,d988c35c2089,halfrounds-hi-lc-half_s2_r1.jsonl,19,17
hi-lc-half_s3_r1,hi-lc-half,lab,L1 from FLD-RG (labelled synthetic),hi,lc,half,3,1,Imperial Conquest 2 lab s3.exe,ok,15,attacker,0,3000,1943,1057,3500,0,3500,False,True,0,0,loser destroyed,Rome defeats Gaul,,49.1,hi-lc-half_start.SAV,hi-lc-half_s3_r1_BATTLE01.SAV,hi-lc-half_s3_r1_BATTLE15.SAV,hi-lc-half_s3_r1_post.SAV,445655b1fdc6,e2b20a42325d,halfrounds-hi-lc-half_s3_r1.jsonl,19,17
hi-hc-half_s1_r1,hi-hc-half,lab,L1 from FLD-RG (labelled synthetic),hi,hc,half,1,1,Imperial Conquest 2 lab s1.exe,ok,14,attacker,0,3000,2119,881,1250,0,1250,False,True,1,0,loser destroyed,Rome defeats Gaul,,49.1,hi-hc-half_start.SAV,hi-hc-half_s1_r1_BATTLE01.SAV,hi-hc-half_s1_r1_BATTLE14.SAV,hi-hc-half_s1_r1_post.SAV,22113ee64d11,d259b24c0465,halfrounds-hi-hc-half_s1_r1.jsonl,16,16
hi-hc-half_s2_r1,hi-hc-half,lab,L1 from FLD-RG (labelled synthetic),hi,hc,half,2,1,Imperial Conquest 2 lab s2.exe,ok,13,attacker,0,3000,2235,765,1250,0,1250,False,True,0,0,loser destroyed,Rome defeats Gaul,,49.2,hi-hc-half_start.SAV,hi-hc-half_s2_r1_BATTLE01.SAV,hi-hc-half_s2_r1_BATTLE13.SAV,hi-hc-half_s2_r1_post.SAV,bc952bed8278,0d592c6c16e3,halfrounds-hi-hc-half_s2_r1.jsonl,14,14
hi-hc-half_s3_r1,hi-hc-half,lab,L1 from FLD-RG (labelled synthetic),hi,hc,half,3,1,Imperial Conquest 2 lab s3.exe,ok,17,attacker,0,3000,1627,1373,1250,0,1250,False,True,0,0,loser destroyed,Rome defeats Gaul,,49.9,hi-hc-half_start.SAV,hi-hc-half_s3_r1_BATTLE01.SAV,hi-hc-half_s3_r1_BATTLE17.SAV,hi-hc-half_s3_r1_post.SAV,43078ed7c72b,09100605b9d5,halfrounds-hi-hc-half_s3_r1.jsonl,18,18
hi-li-one_s2_r1,hi-li-one,lab,L1 from FLD-RG (labelled synthetic),hi,li,one,2,1,Imperial Conquest 2 lab s2.exe,ok,12,attacker,0,6000,5392,608,15000,0,15000,False,True,0,0,loser destroyed,Rome defeats Gaul,,49.5,hi-li-one_start.SAV,hi-li-one_s2_r1_BATTLE01.SAV,hi-li-one_s2_r1_BATTLE12.SAV,hi-li-one_s2_r1_post.SAV,48b6a633ce40,a75a3593a78f,halfrounds-hi-li-one_s2_r1.jsonl,13,10
hi-li-one_s3_r1,hi-li-one,lab,L1 from FLD-RG (labelled synthetic),hi,li,one,3,1,Imperial Conquest 2 lab s3.exe,ok,12,attacker,0,6000,5467,533,15000,0,15000,False,True,0,0,loser destroyed,Rome defeats Gaul,,49.0,hi-li-one_start.SAV,hi-li-one_s3_r1_BATTLE01.SAV,hi-li-one_s3_r1_BATTLE12.SAV,hi-li-one_s3_r1_post.SAV,ec191466b574,14b6c693ffad,halfrounds-hi-li-one_s3_r1.jsonl,13,10
hi-ar-one_s1_r1,hi-ar-one,lab,L1 from FLD-RG (labelled synthetic),hi,ar,one,1,1,Imperial Conquest 2 lab s1.exe,ok,18,attacker,0,6000,5683,317,3500,0,3500,False,True,0,0,loser destroyed,Rome defeats Gaul,,50.1,hi-ar-one_start.SAV,hi-ar-one_s1_r1_BATTLE01.SAV,hi-ar-one_s1_r1_BATTLE18.SAV,hi-ar-one_s1_r1_post.SAV,48606af8293b,46b0d6278511,halfrounds-hi-ar-one_s1_r1.jsonl,13,7
hi-ar-one_s2_r1,hi-ar-one,lab,L1 from FLD-RG (labelled synthetic),hi,ar,one,2,1,Imperial Conquest 2 lab s2.exe,ok,18,attacker,0,6000,5658,342,3500,0,3500,False,True,1,0,loser destroyed,Rome defeats Gaul,,49.9,hi-ar-one_start.SAV,hi-ar-one_s2_r1_BATTLE01.SAV,hi-ar-one_s2_r1_BATTLE18.SAV,hi-ar-one_s2_r1_post.SAV,074800ef6f86,e8c2e0adc472,halfrounds-hi-ar-one_s2_r1.jsonl,13,7
hi-ar-one_s3_r1,hi-ar-one,lab,L1 from FLD-RG (labelled synthetic),hi,ar,one,3,1,Imperial Conquest 2 lab s3.exe,ok,18,attacker,0,6000,5701,299,3500,0,3500,False,True,0,0,loser destroyed,Rome defeats Gaul,,49.9,hi-ar-one_start.SAV,hi-ar-one_s3_r1_BATTLE01.SAV,hi-ar-one_s3_r1_BATTLE18.SAV,hi-ar-one_s3_r1_post.SAV,c395d4a4f5a2,3425434081a5,halfrounds-hi-ar-one_s3_r1.jsonl,13,7
hi-lc-one_s1_r1,hi-lc-one,lab,L1 from FLD-RG (labelled synthetic),hi,lc,one,1,1,Imperial Conquest 2 lab s1.exe,ok,16,attacker,0,6000,3076,2924,7000,0,7000,False,True,0,0,loser destroyed,Rome defeats Gaul,,49.3,hi-lc-one_start.SAV,hi-lc-one_s1_r1_BATTLE01.SAV,hi-lc-one_s1_r1_BATTLE16.SAV,hi-lc-one_s1_r1_post.SAV,3d73a26062af,1f83099c8ba6,halfrounds-hi-lc-one_s1_r1.jsonl,21,19
hi-lc-one_s2_r1,hi-lc-one,lab,L1 from FLD-RG (labelled synthetic),hi,lc,one,2,1,Imperial Conquest 2 lab s2.exe,ok,16,attacker,0,6000,3593,2407,7000,0,7000,False,True,0,0,loser destroyed,Rome defeats Gaul,,49.5,hi-lc-one_start.SAV,hi-lc-one_s2_r1_BATTLE01.SAV,hi-lc-one_s2_r1_BATTLE16.SAV,hi-lc-one_s2_r1_post.SAV,34630f382602,b3ae5923d342,halfrounds-hi-lc-one_s2_r1.jsonl,21,19
hi-lc-one_s3_r1,hi-lc-one,lab,L1 from FLD-RG (labelled synthetic),hi,lc,one,3,1,Imperial Conquest 2 lab s3.exe,ok,16,attacker,0,6000,3894,2106,7000,0,7000,False,True,1,0,loser destroyed,Rome defeats Gaul,,49.8,hi-lc-one_start.SAV,hi-lc-one_s3_r1_BATTLE01.SAV,hi-lc-one_s3_r1_BATTLE16.SAV,hi-lc-one_s3_r1_post.SAV,5973c685ca14,77d51144dd4c,halfrounds-hi-lc-one_s3_r1.jsonl,21,19
hi-hc-one_s1_r1,hi-hc-one,lab,L1 from FLD-RG (labelled synthetic),hi,hc,one,1,1,Imperial Conquest 2 lab s1.exe,ok,16,attacker,0,6000,4214,1786,2500,0,2500,False,True,0,0,loser destroyed,Rome defeats Gaul,,49.5,hi-hc-one_start.SAV,hi-hc-one_s1_r1_BATTLE01.SAV,hi-hc-one_s1_r1_BATTLE16.SAV,hi-hc-one_s1_r1_post.SAV,c6efbdc3c319,fa18f1cbb922,halfrounds-hi-hc-one_s1_r1.jsonl,20,20
hi-hc-one_s2_r1,hi-hc-one,lab,L1 from FLD-RG (labelled synthetic),hi,hc,one,2,1,Imperial Conquest 2 lab s2.exe,ok,14,attacker,0,6000,4475,1525,2500,0,2500,False,True,1,0,loser destroyed,Rome defeats Gaul,,49.8,hi-hc-one_start.SAV,hi-hc-one_s2_r1_BATTLE01.SAV,hi-hc-one_s2_r1_BATTLE14.SAV,hi-hc-one_s2_r1_post.SAV,ab4d93fd64e4,da8652b72cdb,halfrounds-hi-hc-one_s2_r1.jsonl,16,16
hi-hc-one_s3_r1,hi-hc-one,lab,L1 from FLD-RG (labelled synthetic),hi,hc,one,3,1,Imperial Conquest 2 lab s3.exe,ok,18,attacker,0,6000,3256,2744,2500,0,2500,False,True,0,0,loser destroyed,Rome defeats Gaul,,49.8,hi-hc-one_start.SAV,hi-hc-one_s3_r1_BATTLE01.SAV,hi-hc-one_s3_r1_BATTLE18.SAV,hi-hc-one_s3_r1_post.SAV,2ad72030d0f5,b7391b445f50,halfrounds-hi-hc-one_s3_r1.jsonl,20,20
hi-li-three_s1_r1,hi-li-three,lab,L1 from FLD-RG (labelled synthetic),hi,li,three,1,1,Imperial Conquest 2 lab s1.exe,ok,15,attacker,0,18000,15609,2391,45000,0,45000,False,True,1,0,loser destroyed,Rome defeats Gaul,,49.7,hi-li-three_start.SAV,hi-li-three_s1_r1_BATTLE01.SAV,hi-li-three_s1_r1_BATTLE15.SAV,hi-li-three_s1_r1_post.SAV,a7a441730b44,6fbc5884eb35,halfrounds-hi-li-three_s1_r1.jsonl,36,11
hi-li-three_s2_r1,hi-li-three,lab,L1 from FLD-RG (labelled synthetic),hi,li,three,2,1,Imperial Conquest 2 lab s2.exe,ok,13,attacker,0,18000,16107,1893,45000,0,45000,False,True,1,0,loser destroyed,Rome defeats Gaul,,49.7,hi-li-three_start.SAV,hi-li-three_s2_r1_BATTLE01.SAV,hi-li-three_s2_r1_BATTLE13.SAV,hi-li-three_s2_r1_post.SAV,f062c69a43b0,59dc4e2044b7,halfrounds-hi-li-three_s2_r1.jsonl,38,11
hi-li-three_s3_r1,hi-li-three,lab,L1 from FLD-RG (labelled synthetic),hi,li,three,3,1,Imperial Conquest 2 lab s3.exe,ok,15,attacker,0,18000,15793,2207,45000,0,45000,False,True,0,0,loser destroyed,Rome defeats Gaul,,51.0,hi-li-three_start.SAV,hi-li-three_s3_r1_BATTLE01.SAV,hi-li-three_s3_r1_BATTLE15.SAV,hi-li-three_s3_r1_post.SAV,ac11500e4044,6e0df8ac6713,halfrounds-hi-li-three_s3_r1.jsonl,35,3
hi-hi-three_s1_r1,hi-hi-three,lab,L1 from FLD-RG (labelled synthetic),hi,hi,three,1,1,Imperial Conquest 2 lab s1.exe,ok,34,attacker,0,18000,2683,15317,18000,0,18000,False,True,1,0,loser destroyed,Rome defeats Gaul,,51.2,hi-hi-three_start.SAV,hi-hi-three_s1_r1_BATTLE01.SAV,hi-hi-three_s1_r1_BATTLE34.SAV,hi-hi-three_s1_r1_post.SAV,eff226af50a3,9d24cc3d21bd,halfrounds-hi-hi-three_s1_r1.jsonl,84,31
hi-hi-three_s2_r1,hi-hi-three,lab,L1 from FLD-RG (labelled synthetic),hi,hi,three,2,1,Imperial Conquest 2 lab s2.exe,ok,28,defender,0,18000,0,18000,18000,6256,11744,True,False,0,2,loser destroyed,Gaul defeats Rome,Offer of peace,56.6,hi-hi-three_start.SAV,hi-hi-three_s2_r1_BATTLE01.SAV,hi-hi-three_s2_r1_BATTLE28.SAV,hi-hi-three_s2_r1_post.SAV,abdbca5ef04d,4f5ce4df7b44,halfrounds-hi-hi-three_s2_r1.jsonl,81,25
hi-hi-three_s3_r1,hi-hi-three,lab,L1 from FLD-RG (labelled synthetic),hi,hi,three,3,1,Imperial Conquest 2 lab s3.exe,ok,30,defender,0,18000,0,18000,18000,3722,14278,True,False,0,0,loser destroyed,Gaul defeats Rome,Offer of peace,56.8,hi-hi-three_start.SAV,hi-hi-three_s3_r1_BATTLE01.SAV,hi-hi-three_s3_r1_BATTLE30.SAV,hi-hi-three_s3_r1_post.SAV,9f6cc59946ea,3904972ba1fc,halfrounds-hi-hi-three_s3_r1.jsonl,71,31
hi-ar-three_s1_r1,hi-ar-three,lab,L1 from FLD-RG (labelled synthetic),hi,ar,three,1,1,Imperial Conquest 2 lab s1.exe,ok,20,attacker,1,18000,16748,1252,10500,0,10500,False,True,1,0,loser destroyed,Rome defeats Gaul,,50.7,hi-ar-three_start.SAV,hi-ar-three_s1_r1_BATTLE01.SAV,hi-ar-three_s1_r1_BATTLE20.SAV,hi-ar-three_s1_r1_post.SAV,f6a2101642c9,5b848ef8ff6d,halfrounds-hi-ar-three_s1_r1.jsonl,35,4
hi-ar-three_s2_r1,hi-ar-three,lab,L1 from FLD-RG (labelled synthetic),hi,ar,three,2,1,Imperial Conquest 2 lab s2.exe,ok,21,attacker,1,18000,16503,1497,10500,0,10500,False,True,1,0,loser destroyed,Rome defeats Gaul,,50.8,hi-ar-three_start.SAV,hi-ar-three_s2_r1_BATTLE01.SAV,hi-ar-three_s2_r1_BATTLE21.SAV,hi-ar-three_s2_r1_post.SAV,4465147ed9ab,59d9c2491b31,halfrounds-hi-ar-three_s2_r1.jsonl,31,5
hi-ar-three_s3_r1,hi-ar-three,lab,L1 from FLD-RG (labelled synthetic),hi,ar,three,3,1,Imperial Conquest 2 lab s3.exe,ok,19,attacker,1,18000,17003,997,10500,0,10500,False,True,1,0,loser destroyed,Rome defeats Gaul,,51.3,hi-ar-three_start.SAV,hi-ar-three_s3_r1_BATTLE01.SAV,hi-ar-three_s3_r1_BATTLE19.SAV,hi-ar-three_s3_r1_post.SAV,620a26747664,71e2403075a2,halfrounds-hi-ar-three_s3_r1.jsonl,30,1
hi-lc-three_s1_r1,hi-lc-three,lab,L1 from FLD-RG (labelled synthetic),hi,lc,three,1,1,Imperial Conquest 2 lab s1.exe,ok,19,attacker,0,18000,9994,8006,21000,0,21000,False,True,1,0,loser destroyed,Rome defeats Gaul,,50.5,hi-lc-three_start.SAV,hi-lc-three_s1_r1_BATTLE01.SAV,hi-lc-three_s1_r1_BATTLE19.SAV,hi-lc-three_s1_r1_post.SAV,b13450dd7e44,a806692643c6,halfrounds-hi-lc-three_s1_r1.jsonl,59,9
hi-lc-three_s2_r1,hi-lc-three,lab,L1 from FLD-RG (labelled synthetic),hi,lc,three,2,1,Imperial Conquest 2 lab s2.exe,ok,23,attacker,1,18000,7255,10745,21000,0,21000,False,True,0,0,loser destroyed,Rome defeats Gaul,,51.1,hi-lc-three_start.SAV,hi-lc-three_s2_r1_BATTLE01.SAV,hi-lc-three_s2_r1_BATTLE23.SAV,hi-lc-three_s2_r1_post.SAV,5136ab2bb95d,5fe1a7ba1ca0,halfrounds-hi-lc-three_s2_r1.jsonl,60,12
hi-lc-three_s3_r1,hi-lc-three,lab,L1 from FLD-RG (labelled synthetic),hi,lc,three,3,1,Imperial Conquest 2 lab s3.exe,ok,21,attacker,1,18000,7977,10023,21000,0,21000,False,True,0,0,loser destroyed,Rome defeats Gaul,,51.2,hi-lc-three_start.SAV,hi-lc-three_s3_r1_BATTLE01.SAV,hi-lc-three_s3_r1_BATTLE21.SAV,hi-lc-three_s3_r1_post.SAV,26ec31935cd8,7cc96ddbd8c0,halfrounds-hi-lc-three_s3_r1.jsonl,58,22
hi-hc-three_s1_r1,hi-hc-three,lab,L1 from FLD-RG (labelled synthetic),hi,hc,three,1,1,Imperial Conquest 2 lab s1.exe,ok,23,attacker,0,18000,9337,8663,7500,0,7500,False,True,0,0,loser destroyed,Rome defeats Gaul,,50.0,hi-hc-three_start.SAV,hi-hc-three_s1_r1_BATTLE01.SAV,hi-hc-three_s1_r1_BATTLE23.SAV,hi-hc-three_s1_r1_post.SAV,0bed02fb8d4f,3db3e378eb66,halfrounds-hi-hc-three_s1_r1.jsonl,52,13
hi-hc-three_s2_r1,hi-hc-three,lab,L1 from FLD-RG (labelled synthetic),hi,hc,three,2,1,Imperial Conquest 2 lab s2.exe,ok,25,attacker,0,18000,6722,11278,7500,0,7500,False,True,0,0,loser destroyed,Rome defeats Gaul,,50.4,hi-hc-three_start.SAV,hi-hc-three_s2_r1_BATTLE01.SAV,hi-hc-three_s2_r1_BATTLE25.SAV,hi-hc-three_s2_r1_post.SAV,fb8ffb852939,19580d7a4953,halfrounds-hi-hc-three_s2_r1.jsonl,60,7
hi-hc-three_s3_r1,hi-hc-three,lab,L1 from FLD-RG (labelled synthetic),hi,hc,three,3,1,Imperial Conquest 2 lab s3.exe,ok,23,attacker,0,18000,8977,9023,7500,0,7500,False,True,0,0,loser destroyed,Rome defeats Gaul,,49.9,hi-hc-three_start.SAV,hi-hc-three_s3_r1_BATTLE01.SAV,hi-hc-three_s3_r1_BATTLE23.SAV,hi-hc-three_s3_r1_post.SAV,7a0693b91ca4,8632fc07b433,halfrounds-hi-hc-three_s3_r1.jsonl,59,21
ar-li-half_s1_r1,ar-li-half,lab,L1 from FLD-RG (labelled synthetic),ar,li,half,1,1,Imperial Conquest 2 lab s1.exe,ok,10,defender,0,1750,0,1750,7500,7250,250,True,False,0,0,loser destroyed,Gaul defeats Rome,,49.5,ar-li-half_start.SAV,ar-li-half_s1_r1_BATTLE01.SAV,ar-li-half_s1_r1_BATTLE10.SAV,ar-li-half_s1_r1_post.SAV,a8f2052540f9,947f89d64182,halfrounds-ar-li-half_s1_r1.jsonl,4,1
ar-li-half_s2_r1,ar-li-half,lab,L1 from FLD-RG (labelled synthetic),ar,li,half,2,1,Imperial Conquest 2 lab s2.exe,ok,10,defender,0,1750,0,1750,7500,7250,250,True,False,0,0,loser destroyed,Gaul defeats Rome,,50.3,ar-li-half_start.SAV,ar-li-half_s2_r1_BATTLE01.SAV,ar-li-half_s2_r1_BATTLE10.SAV,ar-li-half_s2_r1_post.SAV,a8f2052540f9,f51ba6e8d298,halfrounds-ar-li-half_s2_r1.jsonl,4,1
ar-li-half_s3_r1,ar-li-half,lab,L1 from FLD-RG (labelled synthetic),ar,li,half,3,1,Imperial Conquest 2 lab s3.exe,ok,10,defender,0,1750,0,1750,7500,7346,154,True,False,0,0,loser destroyed,Gaul defeats Rome,,50.0,ar-li-half_start.SAV,ar-li-half_s3_r1_BATTLE01.SAV,ar-li-half_s3_r1_BATTLE10.SAV,ar-li-half_s3_r1_post.SAV,ba25df4e3a10,bb7edb0edc62,halfrounds-ar-li-half_s3_r1.jsonl,4,1
ar-hi-half_s1_r1,ar-hi-half,lab,L1 from FLD-RG (labelled synthetic),ar,hi,half,1,1,Imperial Conquest 2 lab s1.exe,ok,16,defender,0,1750,0,1750,3000,2879,121,True,False,0,0,loser destroyed,Gaul defeats Rome,,49.5,ar-hi-half_start.SAV,ar-hi-half_s1_r1_BATTLE01.SAV,ar-hi-half_s1_r1_BATTLE16.SAV,ar-hi-half_s1_r1_post.SAV,45e77188ff65,0d153a32c147,halfrounds-ar-hi-half_s1_r1.jsonl,9,4
ar-hi-half_s2_r1,ar-hi-half,lab,L1 from FLD-RG (labelled synthetic),ar,hi,half,2,1,Imperial Conquest 2 lab s2.exe,ok,16,defender,0,1750,0,1750,3000,2849,151,True,False,0,0,loser destroyed,Gaul defeats Rome,Offer of peace,56.2,ar-hi-half_start.SAV,ar-hi-half_s2_r1_BATTLE01.SAV,ar-hi-half_s2_r1_BATTLE16.SAV,ar-hi-half_s2_r1_post.SAV,288a7ab870e3,1012c138b0ac,halfrounds-ar-hi-half_s2_r1.jsonl,9,4
ar-hi-half_s3_r1,ar-hi-half,lab,L1 from FLD-RG (labelled synthetic),ar,hi,half,3,1,Imperial Conquest 2 lab s3.exe,ok,16,defender,0,1750,0,1750,3000,2855,145,True,False,0,0,loser destroyed,Gaul defeats Rome,,49.5,ar-hi-half_start.SAV,ar-hi-half_s3_r1_BATTLE01.SAV,ar-hi-half_s3_r1_BATTLE16.SAV,ar-hi-half_s3_r1_post.SAV,e2a45e5acd30,2240979ef17a,halfrounds-ar-hi-half_s3_r1.jsonl,9,4
ar-ar-half_s1_r1,ar-ar-half,lab,L1 from FLD-RG (labelled synthetic),ar,ar,half,1,1,Imperial Conquest 2 lab s1.exe,ok,16,defender,0,1750,0,1750,1750,1094,656,True,False,0,0,loser destroyed,Gaul defeats Rome,Offer of peace,55.9,ar-ar-half_start.SAV,ar-ar-half_s1_r1_BATTLE01.SAV,ar-ar-half_s1_r1_BATTLE16.SAV,ar-ar-half_s1_r1_post.SAV,7070e3ce38f9,873c6dc2fa99,halfrounds-ar-ar-half_s1_r1.jsonl,9,9
ar-ar-half_s2_r1,ar-ar-half,lab,L1 from FLD-RG (labelled synthetic),ar,ar,half,2,1,Imperial Conquest 2 lab s2.exe,ok,14,defender,0,1750,0,1750,1750,1324,426,True,False,0,0,loser destroyed,Gaul defeats Rome,,49.7,ar-ar-half_start.SAV,ar-ar-half_s2_r1_BATTLE01.SAV,ar-ar-half_s2_r1_BATTLE14.SAV,ar-ar-half_s2_r1_post.SAV,5dc66c6148a9,ca36c7cf471f,halfrounds-ar-ar-half_s2_r1.jsonl,7,7
ar-ar-half_s3_r1,ar-ar-half,lab,L1 from FLD-RG (labelled synthetic),ar,ar,half,3,1,Imperial Conquest 2 lab s3.exe,ok,14,defender,0,1750,0,1750,1750,1380,370,True,False,0,0,loser destroyed,Gaul defeats Rome,,49.2,ar-ar-half_start.SAV,ar-ar-half_s3_r1_BATTLE01.SAV,ar-ar-half_s3_r1_BATTLE14.SAV,ar-ar-half_s3_r1_post.SAV,7767edb5bf58,0d9715e2a922,halfrounds-ar-ar-half_s3_r1.jsonl,7,7
ar-lc-half_s1_r1,ar-lc-half,lab,L1 from FLD-RG (labelled synthetic),ar,lc,half,1,1,Imperial Conquest 2 lab s1.exe,ok,10,defender,0,1750,0,1750,3500,3297,203,True,False,0,0,loser destroyed,Gaul defeats Rome,,49.3,ar-lc-half_start.SAV,ar-lc-half_s1_r1_BATTLE01.SAV,ar-lc-half_s1_r1_BATTLE10.SAV,ar-lc-half_s1_r1_post.SAV,eaa14277eda8,b419e519c28e,halfrounds-ar-lc-half_s1_r1.jsonl,4,1
ar-lc-half_s2_r1,ar-lc-half,lab,L1 from FLD-RG (labelled synthetic),ar,lc,half,2,1,Imperial Conquest 2 lab s2.exe,ok,10,defender,0,1750,0,1750,3500,3348,152,True,False,0,0,loser destroyed,Gaul defeats Rome,,49.2,ar-lc-half_start.SAV,ar-lc-half_s2_r1_BATTLE01.SAV,ar-lc-half_s2_r1_BATTLE10.SAV,ar-lc-half_s2_r1_post.SAV,d03f7d995dbf,d4e5e0b2a06c,halfrounds-ar-lc-half_s2_r1.jsonl,4,1
ar-lc-half_s3_r1,ar-lc-half,lab,L1 from FLD-RG (labelled synthetic),ar,lc,half,3,1,Imperial Conquest 2 lab s3.exe,ok,10,defender,0,1750,0,1750,3500,3358,142,True,False,0,1,loser destroyed,Gaul defeats Rome,,49.6,ar-lc-half_start.SAV,ar-lc-half_s3_r1_BATTLE01.SAV,ar-lc-half_s3_r1_BATTLE10.SAV,ar-lc-half_s3_r1_post.SAV,f8549136300b,b56315a3364e,halfrounds-ar-lc-half_s3_r1.jsonl,4,1
ar-hc-half_s1_r1,ar-hc-half,lab,L1 from FLD-RG (labelled synthetic),ar,hc,half,1,1,Imperial Conquest 2 lab s1.exe,ok,16,defender,0,1750,0,1750,1250,1076,174,True,False,0,1,loser destroyed,Gaul defeats Rome,,49.4,ar-hc-half_start.SAV,ar-hc-half_s1_r1_BATTLE01.SAV,ar-hc-half_s1_r1_BATTLE16.SAV,ar-hc-half_s1_r1_post.SAV,cfeb32e23b31,e04ec8d1107d,halfrounds-ar-hc-half_s1_r1.jsonl,8,4
ar-hc-half_s2_r1,ar-hc-half,lab,L1 from FLD-RG (labelled synthetic),ar,hc,half,2,1,Imperial Conquest 2 lab s2.exe,ok,16,defender,0,1750,0,1750,1250,1053,197,True,False,0,0,loser destroyed,Gaul defeats Rome,Offer of peace,55.4,ar-hc-half_start.SAV,ar-hc-half_s2_r1_BATTLE01.SAV,ar-hc-half_s2_r1_BATTLE16.SAV,ar-hc-half_s2_r1_post.SAV,f8a1ba25de31,ffa073d0b0c6,halfrounds-ar-hc-half_s2_r1.jsonl,8,4
ar-hc-half_s3_r1,ar-hc-half,lab,L1 from FLD-RG (labelled synthetic),ar,hc,half,3,1,Imperial Conquest 2 lab s3.exe,ok,18,defender,0,1750,0,1750,1250,1057,193,True,False,0,0,loser destroyed,Gaul defeats Rome,,49.3,ar-hc-half_start.SAV,ar-hc-half_s3_r1_BATTLE01.SAV,ar-hc-half_s3_r1_BATTLE18.SAV,ar-hc-half_s3_r1_post.SAV,105393605212,6dee7e8dbc02,halfrounds-ar-hc-half_s3_r1.jsonl,8,4
ar-li-one_s1_r1,ar-li-one,lab,L1 from FLD-RG (labelled synthetic),ar,li,one,1,1,Imperial Conquest 2 lab s1.exe,ok,12,defender,0,3500,0,3500,15000,14420,580,True,False,0,1,loser destroyed,Gaul defeats Rome,,49.1,ar-li-one_start.SAV,ar-li-one_s1_r1_BATTLE01.SAV,ar-li-one_s1_r1_BATTLE12.SAV,ar-li-one_s1_r1_post.SAV,3e4506fa16d4,8c988d20efdf,halfrounds-ar-li-one_s1_r1.jsonl,7,2
ar-li-one_s2_r1,ar-li-one,lab,L1 from FLD-RG (labelled synthetic),ar,li,one,2,1,Imperial Conquest 2 lab s2.exe,ok,10,defender,0,3500,0,3500,15000,14453,547,True,False,0,1,loser destroyed,Gaul defeats Rome,,49.2,ar-li-one_start.SAV,ar-li-one_s2_r1_BATTLE01.SAV,ar-li-one_s2_r1_BATTLE10.SAV,ar-li-one_s2_r1_post.SAV,a0a473e02c4e,41ec67b54366,halfrounds-ar-li-one_s2_r1.jsonl,4,1
ar-li-one_s3_r1,ar-li-one,lab,L1 from FLD-RG (labelled synthetic),ar,li,one,3,1,Imperial Conquest 2 lab s3.exe,ok,10,defender,0,3500,0,3500,15000,14622,378,True,False,0,0,loser destroyed,Gaul defeats Rome,,49.1,ar-li-one_start.SAV,ar-li-one_s3_r1_BATTLE01.SAV,ar-li-one_s3_r1_BATTLE10.SAV,ar-li-one_s3_r1_post.SAV,44af5a457b89,930f6e43136a,halfrounds-ar-li-one_s3_r1.jsonl,4,1
ar-hi-one_s1_r1,ar-hi-one,lab,L1 from FLD-RG (labelled synthetic),ar,hi,one,1,1,Imperial Conquest 2 lab s1.exe,ok,19,defender,0,3500,0,3500,6000,5731,269,True,False,0,0,loser destroyed,Gaul defeats Rome,Offer of peace,55.8,ar-hi-one_start.SAV,ar-hi-one_s1_r1_BATTLE01.SAV,ar-hi-one_s1_r1_BATTLE19.SAV,ar-hi-one_s1_r1_post.SAV,e7fd5446162d,b764bf995a24,halfrounds-ar-hi-one_s1_r1.jsonl,13,6
ar-hi-one_s2_r1,ar-hi-one,lab,L1 from FLD-RG (labelled synthetic),ar,hi,one,2,1,Imperial Conquest 2 lab s2.exe,ok,19,defender,0,3500,0,3500,6000,5676,324,True,False,0,1,loser destroyed,Gaul defeats Rome,,49.7,ar-hi-one_start.SAV,ar-hi-one_s2_r1_BATTLE01.SAV,ar-hi-one_s2_r1_BATTLE19.SAV,ar-hi-one_s2_r1_post.SAV,a842272149e2,0cc5f0c7e245,halfrounds-ar-hi-one_s2_r1.jsonl,13,6
ar-hi-one_s3_r1,ar-hi-one,lab,L1 from FLD-RG (labelled synthetic),ar,hi,one,3,1,Imperial Conquest 2 lab s3.exe,ok,19,defender,0,3500,0,3500,6000,5694,306,True,False,0,0,loser destroyed,Gaul defeats Rome,,49.6,ar-hi-one_start.SAV,ar-hi-one_s3_r1_BATTLE01.SAV,ar-hi-one_s3_r1_BATTLE19.SAV,ar-hi-one_s3_r1_post.SAV,c0da1b2bb2c2,0d8f6059b44f,halfrounds-ar-hi-one_s3_r1.jsonl,13,6
ar-ar-one_s1_r1,ar-ar-one,lab,L1 from FLD-RG (labelled synthetic),ar,ar,one,1,1,Imperial Conquest 2 lab s1.exe,ok,16,defender,0,3500,0,3500,3500,2139,1361,True,False,0,0,loser destroyed,Gaul defeats Rome,Offer of peace,55.9,ar-ar-one_start.SAV,ar-ar-one_s1_r1_BATTLE01.SAV,ar-ar-one_s1_r1_BATTLE16.SAV,ar-ar-one_s1_r1_post.SAV,860ff0e741cd,ea4199682292,halfrounds-ar-ar-one_s1_r1.jsonl,9,9
ar-ar-one_s2_r1,ar-ar-one,lab,L1 from FLD-RG (labelled synthetic),ar,ar,one,2,1,Imperial Conquest 2 lab s2.exe,ok,14,defender,0,3500,0,3500,3500,2612,888,True,False,0,0,loser destroyed,Gaul defeats Rome,Offer of peace,56.4,ar-ar-one_start.SAV,ar-ar-one_s2_r1_BATTLE01.SAV,ar-ar-one_s2_r1_BATTLE14.SAV,ar-ar-one_s2_r1_post.SAV,8d83f2018d1a,b669d77d75a3,halfrounds-ar-ar-one_s2_r1.jsonl,7,7
ar-ar-one_s3_r1,ar-ar-one,lab,L1 from FLD-RG (labelled synthetic),ar,ar,one,3,1,Imperial Conquest 2 lab s3.exe,ok,16,defender,0,3500,0,3500,3500,2661,839,True,False,0,0,loser destroyed,Gaul defeats Rome,Offer of peace,56.5,ar-ar-one_start.SAV,ar-ar-one_s3_r1_BATTLE01.SAV,ar-ar-one_s3_r1_BATTLE16.SAV,ar-ar-one_s3_r1_post.SAV,df7b36438119,a7cb1db5fa5e,halfrounds-ar-ar-one_s3_r1.jsonl,9,9
ar-lc-one_s1_r1,ar-lc-one,lab,L1 from FLD-RG (labelled synthetic),ar,lc,one,1,1,Imperial Conquest 2 lab s1.exe,ok,10,defender,0,3500,0,3500,7000,6589,411,True,False,0,1,loser destroyed,Gaul defeats Rome,,49.3,ar-lc-one_start.SAV,ar-lc-one_s1_r1_BATTLE01.SAV,ar-lc-one_s1_r1_BATTLE10.SAV,ar-lc-one_s1_r1_post.SAV,1433f979e669,fc97903da462,halfrounds-ar-lc-one_s1_r1.jsonl,4,1
ar-lc-one_s2_r1,ar-lc-one,lab,L1 from FLD-RG (labelled synthetic),ar,lc,one,2,1,Imperial Conquest 2 lab s2.exe,ok,10,defender,0,3500,0,3500,7000,6671,329,True,False,0,0,loser destroyed,Gaul defeats Rome,Offer of peace,55.6,ar-lc-one_start.SAV,ar-lc-one_s2_r1_BATTLE01.SAV,ar-lc-one_s2_r1_BATTLE10.SAV,ar-lc-one_s2_r1_post.SAV,da6a0c4f272e,134736dd6222,halfrounds-ar-lc-one_s2_r1.jsonl,4,1
ar-lc-one_s3_r1,ar-lc-one,lab,L1 from FLD-RG (labelled synthetic),ar,lc,one,3,1,Imperial Conquest 2 lab s3.exe,ok,10,defender,0,3500,0,3500,7000,6693,307,True,False,0,0,loser destroyed,Gaul defeats Rome,Offer of peace,55.6,ar-lc-one_start.SAV,ar-lc-one_s3_r1_BATTLE01.SAV,ar-lc-one_s3_r1_BATTLE10.SAV,ar-lc-one_s3_r1_post.SAV,40c397b0a1f3,3dbfa9b7a571,halfrounds-ar-lc-one_s3_r1.jsonl,4,1
ar-hc-one_s1_r1,ar-hc-one,lab,L1 from FLD-RG (labelled synthetic),ar,hc,one,1,1,Imperial Conquest 2 lab s1.exe,ok,20,defender,0,3500,0,3500,2500,2117,383,True,False,0,0,loser destroyed,Gaul defeats Rome,Offer of peace,56.9,ar-hc-one_start.SAV,ar-hc-one_s1_r1_BATTLE01.SAV,ar-hc-one_s1_r1_BATTLE20.SAV,ar-hc-one_s1_r1_post.SAV,513df2d290d7,af1b3333df0f,halfrounds-ar-hc-one_s1_r1.jsonl,12,6
ar-hc-one_s2_r1,ar-hc-one,lab,L1 from FLD-RG (labelled synthetic),ar,hc,one,2,1,Imperial Conquest 2 lab s2.exe,ok,20,defender,0,3500,0,3500,2500,2074,426,True,False,0,0,loser destroyed,Gaul defeats Rome,,50.0,ar-hc-one_start.SAV,ar-hc-one_s2_r1_BATTLE01.SAV,ar-hc-one_s2_r1_BATTLE20.SAV,ar-hc-one_s2_r1_post.SAV,93cd40c07afc,4a4716a982f5,halfrounds-ar-hc-one_s2_r1.jsonl,12,6
ar-hc-one_s3_r1,ar-hc-one,lab,L1 from FLD-RG (labelled synthetic),ar,hc,one,3,1,Imperial Conquest 2 lab s3.exe,ok,22,defender,0,3500,0,3500,2500,2086,414,True,False,0,0,loser destroyed,Gaul defeats Rome,,49.7,ar-hc-one_start.SAV,ar-hc-one_s3_r1_BATTLE01.SAV,ar-hc-one_s3_r1_BATTLE22.SAV,ar-hc-one_s3_r1_post.SAV,d8e6dbc38ab6,708f7fb51fff,halfrounds-ar-hc-one_s3_r1.jsonl,12,6
ar-li-three_s1_r1,ar-li-three,lab,L1 from FLD-RG (labelled synthetic),ar,li,three,1,1,Imperial Conquest 2 lab s1.exe,ok,10,defender,0,10500,0,10500,45000,43068,1932,True,False,0,0,loser destroyed,Gaul defeats Rome,Offer of peace,55.9,ar-li-three_start.SAV,ar-li-three_s1_r1_BATTLE01.SAV,ar-li-three_s1_r1_BATTLE10.SAV,ar-li-three_s1_r1_post.SAV,38e180593165,2a90d7654515,halfrounds-ar-li-three_s1_r1.jsonl,10,0
ar-li-three_s2_r1,ar-li-three,lab,L1 from FLD-RG (labelled synthetic),ar,li,three,2,1,Imperial Conquest 2 lab s2.exe,ok,12,defender,0,10500,0,10500,45000,44063,937,True,False,0,1,loser destroyed,Gaul defeats Rome,,50.8,ar-li-three_start.SAV,ar-li-three_s2_r1_BATTLE01.SAV,ar-li-three_s2_r1_BATTLE12.SAV,ar-li-three_s2_r1_post.SAV,e55be1ceb4fc,fc45d920c636,halfrounds-ar-li-three_s2_r1.jsonl,12,1
ar-li-three_s3_r1,ar-li-three,lab,L1 from FLD-RG (labelled synthetic),ar,li,three,3,1,Imperial Conquest 2 lab s3.exe,ok,12,defender,0,10500,0,10500,45000,43474,1526,True,False,0,0,loser destroyed,Gaul defeats Rome,,50.5,ar-li-three_start.SAV,ar-li-three_s3_r1_BATTLE01.SAV,ar-li-three_s3_r1_BATTLE12.SAV,ar-li-three_s3_r1_post.SAV,603ae22b8d34,04c017419921,halfrounds-ar-li-three_s3_r1.jsonl,15,0
ar-hi-three_s1_r1,ar-hi-three,lab,L1 from FLD-RG (labelled synthetic),ar,hi,three,1,1,Imperial Conquest 2 lab s1.exe,ok,20,defender,1,10500,0,10500,18000,16877,1123,True,False,0,1,loser destroyed,Gaul defeats Rome,Offer of peace,57.2,ar-hi-three_start.SAV,ar-hi-three_s1_r1_BATTLE01.SAV,ar-hi-three_s1_r1_BATTLE20.SAV,ar-hi-three_s1_r1_post.SAV,013a1d2424b5,b07e67204d12,halfrounds-ar-hi-three_s1_r1.jsonl,31,3
ar-hi-three_s2_r1,ar-hi-three,lab,L1 from FLD-RG (labelled synthetic),ar,hi,three,2,1,Imperial Conquest 2 lab s2.exe,ok,20,defender,1,10500,0,10500,18000,16818,1182,True,False,0,0,loser destroyed,Gaul defeats Rome,,51.8,ar-hi-three_start.SAV,ar-hi-three_s2_r1_BATTLE01.SAV,ar-hi-three_s2_r1_BATTLE20.SAV,ar-hi-three_s2_r1_post.SAV,bd34ae246dbd,675986769f3e,halfrounds-ar-hi-three_s2_r1.jsonl,31,2
ar-hi-three_s3_r1,ar-hi-three,lab,L1 from FLD-RG (labelled synthetic),ar,hi,three,3,1,Imperial Conquest 2 lab s3.exe,ok,22,defender,1,10500,0,10500,18000,16844,1156,True,False,0,1,loser destroyed,Gaul defeats Rome,,51.0,ar-hi-three_start.SAV,ar-hi-three_s3_r1_BATTLE01.SAV,ar-hi-three_s3_r1_BATTLE22.SAV,ar-hi-three_s3_r1_post.SAV,f0e9b0b82122,5a55251f9b7f,halfrounds-ar-hi-three_s3_r1.jsonl,30,5
ar-ar-three_s1_r1,ar-ar-three,lab,L1 from FLD-RG (labelled synthetic),ar,ar,three,1,1,Imperial Conquest 2 lab s1.exe,ok,16,defender,1,10500,0,10500,10500,7000,3500,True,False,0,1,loser destroyed,Gaul defeats Rome,,52.6,ar-ar-three_start.SAV,ar-ar-three_s1_r1_BATTLE01.SAV,ar-ar-three_s1_r1_BATTLE16.SAV,ar-ar-three_s1_r1_post.SAV,80384c06a280,53a34b292228,halfrounds-ar-ar-three_s1_r1.jsonl,11,2
ar-ar-three_s2_r1,ar-ar-three,lab,L1 from FLD-RG (labelled synthetic),ar,ar,three,2,1,Imperial Conquest 2 lab s2.exe,ok,16,defender,1,10500,0,10500,10500,7461,3039,True,False,0,1,loser destroyed,Gaul defeats Rome,,52.7,ar-ar-three_start.SAV,ar-ar-three_s2_r1_BATTLE01.SAV,ar-ar-three_s2_r1_BATTLE16.SAV,ar-ar-three_s2_r1_post.SAV,c09b0af32934,55466ba09d28,halfrounds-ar-ar-three_s2_r1.jsonl,12,3
ar-ar-three_s3_r1,ar-ar-three,lab,L1 from FLD-RG (labelled synthetic),ar,ar,three,3,1,Imperial Conquest 2 lab s3.exe,ok,18,defender,1,10500,0,10500,10500,5938,4562,True,False,0,1,loser destroyed,Gaul defeats Rome,Offer of peace,58.3,ar-ar-three_start.SAV,ar-ar-three_s3_r1_BATTLE01.SAV,ar-ar-three_s3_r1_BATTLE18.SAV,ar-ar-three_s3_r1_post.SAV,1bba0a849d43,1d6830aeda3c,halfrounds-ar-ar-three_s3_r1.jsonl,14,2
ar-lc-three_s1_r1,ar-lc-three,lab,L1 from FLD-RG (labelled synthetic),ar,lc,three,1,1,Imperial Conquest 2 lab s1.exe,ok,12,defender,0,10500,0,10500,21000,18995,2005,True,False,0,2,loser destroyed,Gaul defeats Rome,Offer of peace,57.0,ar-lc-three_start.SAV,ar-lc-three_s1_r1_BATTLE01.SAV,ar-lc-three_s1_r1_BATTLE12.SAV,ar-lc-three_s1_r1_post.SAV,b06f82ac4273,41467603ae88,halfrounds-ar-lc-three_s1_r1.jsonl,11,0
ar-lc-three_s2_r1,ar-lc-three,lab,L1 from FLD-RG (labelled synthetic),ar,lc,three,2,1,Imperial Conquest 2 lab s2.exe,ok,10,defender,0,10500,0,10500,21000,20173,827,True,False,0,1,loser destroyed,Gaul defeats Rome,,50.4,ar-lc-three_start.SAV,ar-lc-three_s2_r1_BATTLE01.SAV,ar-lc-three_s2_r1_BATTLE10.SAV,ar-lc-three_s2_r1_post.SAV,8aa160d59abf,d2a34efa4066,halfrounds-ar-lc-three_s2_r1.jsonl,9,0
ar-lc-three_s3_r1,ar-lc-three,lab,L1 from FLD-RG (labelled synthetic),ar,lc,three,3,1,Imperial Conquest 2 lab s3.exe,ok,12,defender,0,10500,0,10500,21000,20108,892,True,False,0,0,loser destroyed,Gaul defeats Rome,,50.8,ar-lc-three_start.SAV,ar-lc-three_s3_r1_BATTLE01.SAV,ar-lc-three_s3_r1_BATTLE12.SAV,ar-lc-three_s3_r1_post.SAV,c6c20138f125,bc66dda28cea,halfrounds-ar-lc-three_s3_r1.jsonl,11,1
ar-hc-three_s2_r1,ar-hc-three,lab,L1 from FLD-RG (labelled synthetic),ar,hc,three,2,1,Imperial Conquest 2 lab s2.exe,ok,22,defender,1,10500,0,10500,7500,5674,1826,True,False,0,2,loser destroyed,Gaul defeats Rome,Offer of peace,56.9,ar-hc-three_start.SAV,ar-hc-three_s2_r1_BATTLE01.SAV,ar-hc-three_s2_r1_BATTLE22.SAV,ar-hc-three_s2_r1_post.SAV,7481b2089d3f,3f55341250f0,halfrounds-ar-hc-three_s2_r1.jsonl,29,1
ar-hc-three_s3_r1,ar-hc-three,lab,L1 from FLD-RG (labelled synthetic),ar,hc,three,3,1,Imperial Conquest 2 lab s3.exe,ok,23,defender,1,10500,0,10500,7500,5228,2272,True,False,0,1,loser destroyed,Gaul defeats Rome,Offer of peace,58.3,ar-hc-three_start.SAV,ar-hc-three_s3_r1_BATTLE01.SAV,ar-hc-three_s3_r1_BATTLE23.SAV,ar-hc-three_s3_r1_post.SAV,6ac7ff518acd,0b399daf9bcc,halfrounds-ar-hc-three_s3_r1.jsonl,33,5
lc-li-half_s1_r1,lc-li-half,lab,L1 from FLD-RG (labelled synthetic),lc,li,half,1,1,Imperial Conquest 2 lab s1.exe,ok,17,attacker,0,3500,1485,2015,7500,0,7500,False,True,1,0,loser destroyed,Rome defeats Gaul,,51.5,lc-li-half_start.SAV,lc-li-half_s1_r1_BATTLE01.SAV,lc-li-half_s1_r1_BATTLE17.SAV,lc-li-half_s1_r1_post.SAV,909d341df9ca,9c8008066f30,halfrounds-lc-li-half_s1_r1.jsonl,15,10
lc-li-half_s2_r1,lc-li-half,lab,L1 from FLD-RG (labelled synthetic),lc,li,half,2,1,Imperial Conquest 2 lab s2.exe,ok,14,attacker,0,3500,1717,1783,7500,0,7500,False,True,0,0,loser destroyed,Rome defeats Gaul,,50.1,lc-li-half_start.SAV,lc-li-half_s2_r1_BATTLE01.SAV,lc-li-half_s2_r1_BATTLE14.SAV,lc-li-half_s2_r1_post.SAV,bc28d0b2ebf1,25c27a002a75,halfrounds-lc-li-half_s2_r1.jsonl,13,8
lc-li-half_s3_r1,lc-li-half,lab,L1 from FLD-RG (labelled synthetic),lc,li,half,3,1,Imperial Conquest 2 lab s3.exe,ok,17,attacker,0,3500,1310,2190,7500,0,7500,False,True,0,0,loser destroyed,Rome defeats Gaul,,50.3,lc-li-half_start.SAV,lc-li-half_s3_r1_BATTLE01.SAV,lc-li-half_s3_r1_BATTLE17.SAV,lc-li-half_s3_r1_post.SAV,48f218f64e4c,7708a94bf384,halfrounds-lc-li-half_s3_r1.jsonl,15,10
lc-hi-half_s1_r1,lc-hi-half,lab,L1 from FLD-RG (labelled synthetic),lc,hi,half,1,1,Imperial Conquest 2 lab s1.exe,ok,13,defender,0,3500,0,3500,3000,2343,657,True,False,0,1,loser destroyed,Gaul defeats Rome,,49.5,lc-hi-half_start.SAV,lc-hi-half_s1_r1_BATTLE01.SAV,lc-hi-half_s1_r1_BATTLE13.SAV,lc-hi-half_s1_r1_post.SAV,41eeb9897ae6,1fa430209c41,halfrounds-lc-hi-half_s1_r1.jsonl,13,11
lc-hi-half_s2_r1,lc-hi-half,lab,L1 from FLD-RG (labelled synthetic),lc,hi,half,2,1,Imperial Conquest 2 lab s2.exe,ok,13,defender,0,3500,0,3500,3000,2378,622,True,False,0,0,loser destroyed,Gaul defeats Rome,Offer of peace,55.8,lc-hi-half_start.SAV,lc-hi-half_s2_r1_BATTLE01.SAV,lc-hi-half_s2_r1_BATTLE13.SAV,lc-hi-half_s2_r1_post.SAV,577c7c3c08e0,8b3bac6be16a,halfrounds-lc-hi-half_s2_r1.jsonl,13,11
lc-hi-half_s3_r1,lc-hi-half,lab,L1 from FLD-RG (labelled synthetic),lc,hi,half,3,1,Imperial Conquest 2 lab s3.exe,ok,15,defender,0,3500,0,3500,3000,2249,751,True,False,0,0,loser destroyed,Gaul defeats Rome,,49.4,lc-hi-half_start.SAV,lc-hi-half_s3_r1_BATTLE01.SAV,lc-hi-half_s3_r1_BATTLE15.SAV,lc-hi-half_s3_r1_post.SAV,2e4c0ff5ac31,802891e67660,halfrounds-lc-hi-half_s3_r1.jsonl,17,15
lc-ar-half_s2_r1,lc-ar-half,lab,L1 from FLD-RG (labelled synthetic),lc,ar,half,2,1,Imperial Conquest 2 lab s2.exe,ok,13,attacker,0,3500,2804,696,1750,0,1750,False,True,0,0,loser destroyed,Rome defeats Gaul,,49.4,lc-ar-half_start.SAV,lc-ar-half_s2_r1_BATTLE01.SAV,lc-ar-half_s2_r1_BATTLE13.SAV,lc-ar-half_s2_r1_post.SAV,acf94779b3f0,7cc289e90e95,halfrounds-lc-ar-half_s2_r1.jsonl,7,3
lc-ar-half_s3_r1,lc-ar-half,lab,L1 from FLD-RG (labelled synthetic),lc,ar,half,3,1,Imperial Conquest 2 lab s3.exe,ok,11,attacker,0,3500,2853,647,1750,0,1750,False,True,0,0,loser destroyed,Rome defeats Gaul,,49.4,lc-ar-half_start.SAV,lc-ar-half_s3_r1_BATTLE01.SAV,lc-ar-half_s3_r1_BATTLE11.SAV,lc-ar-half_s3_r1_post.SAV,4a817e097dd1,a6d91699e3a5,halfrounds-lc-ar-half_s3_r1.jsonl,5,2
lc-lc-half_s1_r1,lc-lc-half,lab,L1 from FLD-RG (labelled synthetic),lc,lc,half,1,1,Imperial Conquest 2 lab s1.exe,ok,13,defender,0,3500,0,3500,3500,2322,1178,True,False,0,0,loser destroyed,Gaul defeats Rome,Offer of peace,55.4,lc-lc-half_start.SAV,lc-lc-half_s1_r1_BATTLE01.SAV,lc-lc-half_s1_r1_BATTLE13.SAV,lc-lc-half_s1_r1_post.SAV,025f1f96a9f6,1f5d0c43e8bf,halfrounds-lc-lc-half_s1_r1.jsonl,11,7
lc-lc-half_s2_r1,lc-lc-half,lab,L1 from FLD-RG (labelled synthetic),lc,lc,half,2,1,Imperial Conquest 2 lab s2.exe,ok,17,defender,0,3500,0,3500,3500,2149,1351,True,False,0,1,loser destroyed,Gaul defeats Rome,,50.1,lc-lc-half_start.SAV,lc-lc-half_s2_r1_BATTLE01.SAV,lc-lc-half_s2_r1_BATTLE17.SAV,lc-lc-half_s2_r1_post.SAV,d0574b1e8eb9,1a7dde28279b,halfrounds-lc-lc-half_s2_r1.jsonl,15,11
lc-lc-half_s3_r1,lc-lc-half,lab,L1 from FLD-RG (labelled synthetic),lc,lc,half,3,1,Imperial Conquest 2 lab s3.exe,ok,13,defender,0,3500,0,3500,3500,2351,1149,True,False,0,1,loser destroyed,Gaul defeats Rome,,50.6,lc-lc-half_start.SAV,lc-lc-half_s3_r1_BATTLE01.SAV,lc-lc-half_s3_r1_BATTLE13.SAV,lc-lc-half_s3_r1_post.SAV,ae6f1c5736c4,5b9ce6451260,halfrounds-lc-lc-half_s3_r1.jsonl,11,7
lc-hc-half_s1_r1,lc-hc-half,lab,L1 from FLD-RG (labelled synthetic),lc,hc,half,1,1,Imperial Conquest 2 lab s1.exe,ok,14,attacker,0,3500,2968,532,1250,0,1250,False,True,1,0,loser destroyed,Rome defeats Gaul,,50.6,lc-hc-half_start.SAV,lc-hc-half_s1_r1_BATTLE01.SAV,lc-hc-half_s1_r1_BATTLE14.SAV,lc-hc-half_s1_r1_post.SAV,caffebb9b5b9,b779e5349f21,halfrounds-lc-hc-half_s1_r1.jsonl,12,10
lc-hc-half_s2_r1,lc-hc-half,lab,L1 from FLD-RG (labelled synthetic),lc,hc,half,2,1,Imperial Conquest 2 lab s2.exe,ok,13,attacker,0,3500,3044,456,1250,0,1250,False,True,0,0,loser destroyed,Rome defeats Gaul,,49.3,lc-hc-half_start.SAV,lc-hc-half_s2_r1_BATTLE01.SAV,lc-hc-half_s2_r1_BATTLE13.SAV,lc-hc-half_s2_r1_post.SAV,77a5339777de,277a5156be44,halfrounds-lc-hc-half_s2_r1.jsonl,10,8
lc-hc-half_s3_r1,lc-hc-half,lab,L1 from FLD-RG (labelled synthetic),lc,hc,half,3,1,Imperial Conquest 2 lab s3.exe,ok,14,attacker,0,3500,2528,972,1250,0,1250,False,True,0,0,loser destroyed,Rome defeats Gaul,,49.4,lc-hc-half_start.SAV,lc-hc-half_s3_r1_BATTLE01.SAV,lc-hc-half_s3_r1_BATTLE14.SAV,lc-hc-half_s3_r1_post.SAV,b1c6f002a107,e414f9e2a490,halfrounds-lc-hc-half_s3_r1.jsonl,12,10
lc-li-one_s1_r1,lc-li-one,lab,L1 from FLD-RG (labelled synthetic),lc,li,one,1,1,Imperial Conquest 2 lab s1.exe,ok,18,attacker,0,7000,3359,3641,15000,0,15000,False,True,0,0,loser destroyed,Rome defeats Gaul,,50.5,lc-li-one_start.SAV,lc-li-one_s1_r1_BATTLE01.SAV,lc-li-one_s1_r1_BATTLE18.SAV,lc-li-one_s1_r1_post.SAV,db12d547cda1,586f506e57ab,halfrounds-lc-li-one_s1_r1.jsonl,17,12
lc-li-one_s2_r1,lc-li-one,lab,L1 from FLD-RG (labelled synthetic),lc,li,one,2,1,Imperial Conquest 2 lab s2.exe,ok,15,attacker,0,7000,3744,3256,15000,0,15000,False,True,0,0,loser destroyed,Rome defeats Gaul,,50.8,lc-li-one_start.SAV,lc-li-one_s2_r1_BATTLE01.SAV,lc-li-one_s2_r1_BATTLE15.SAV,lc-li-one_s2_r1_post.SAV,cc8bf6037656,20188cfb51b1,halfrounds-lc-li-one_s2_r1.jsonl,15,10
lc-li-one_s3_r1,lc-li-one,lab,L1 from FLD-RG (labelled synthetic),lc,li,one,3,1,Imperial Conquest 2 lab s3.exe,ok,18,attacker,0,7000,3208,3792,15000,0,15000,False,True,0,0,loser destroyed,Rome defeats Gaul,,50.4,lc-li-one_start.SAV,lc-li-one_s3_r1_BATTLE01.SAV,lc-li-one_s3_r1_BATTLE18.SAV,lc-li-one_s3_r1_post.SAV,e77df601f0c9,4d265626735f,halfrounds-lc-li-one_s3_r1.jsonl,17,12
lc-hi-one_s1_r1,lc-hi-one,lab,L1 from FLD-RG (labelled synthetic),lc,hi,one,1,1,Imperial Conquest 2 lab s1.exe,ok,15,defender,0,7000,0,7000,6000,4675,1325,True,False,0,0,loser destroyed,Gaul defeats Rome,Offer of peace,55.7,lc-hi-one_start.SAV,lc-hi-one_s1_r1_BATTLE01.SAV,lc-hi-one_s1_r1_BATTLE15.SAV,lc-hi-one_s1_r1_post.SAV,96e27ff5c1c4,ba4ff31f34e5,halfrounds-lc-hi-one_s1_r1.jsonl,17,15
lc-hi-one_s2_r1,lc-hi-one,lab,L1 from FLD-RG (labelled synthetic),lc,hi,one,2,1,Imperial Conquest 2 lab s2.exe,ok,14,defender,0,7000,0,7000,6000,4772,1228,True,False,0,0,loser destroyed,Gaul defeats Rome,Offer of peace,55.7,lc-hi-one_start.SAV,lc-hi-one_s2_r1_BATTLE01.SAV,lc-hi-one_s2_r1_BATTLE14.SAV,lc-hi-one_s2_r1_post.SAV,ba871cabb1ee,ad47f59c7bd3,halfrounds-lc-hi-one_s2_r1.jsonl,15,13
lc-hi-one_s3_r1,lc-hi-one,lab,L1 from FLD-RG (labelled synthetic),lc,hi,one,3,1,Imperial Conquest 2 lab s3.exe,ok,16,defender,0,7000,0,7000,6000,4503,1497,True,False,0,0,loser destroyed,Gaul defeats Rome,,49.6,lc-hi-one_start.SAV,lc-hi-one_s3_r1_BATTLE01.SAV,lc-hi-one_s3_r1_BATTLE16.SAV,lc-hi-one_s3_r1_post.SAV,43465460f7a7,ae849d83e19f,halfrounds-lc-hi-one_s3_r1.jsonl,19,17
lc-ar-one_s1_r1,lc-ar-one,lab,L1 from FLD-RG (labelled synthetic),lc,ar,one,1,1,Imperial Conquest 2 lab s1.exe,ok,13,attacker,0,7000,6023,977,3500,0,3500,False,True,0,0,loser destroyed,Rome defeats Gaul,,50.0,lc-ar-one_start.SAV,lc-ar-one_s1_r1_BATTLE01.SAV,lc-ar-one_s1_r1_BATTLE13.SAV,lc-ar-one_s1_r1_post.SAV,a664c944670c,616ebd7696e8,halfrounds-lc-ar-one_s1_r1.jsonl,7,3
lc-ar-one_s2_r1,lc-ar-one,lab,L1 from FLD-RG (labelled synthetic),lc,ar,one,2,1,Imperial Conquest 2 lab s2.exe,ok,17,attacker,0,7000,5482,1518,3500,0,3500,False,True,1,0,loser destroyed,Rome defeats Gaul,,50.2,lc-ar-one_start.SAV,lc-ar-one_s2_r1_BATTLE01.SAV,lc-ar-one_s2_r1_BATTLE17.SAV,lc-ar-one_s2_r1_post.SAV,bc982a789333,d4de00735901,halfrounds-lc-ar-one_s2_r1.jsonl,11,5
lc-ar-one_s3_r1,lc-ar-one,lab,L1 from FLD-RG (labelled synthetic),lc,ar,one,3,1,Imperial Conquest 2 lab s3.exe,ok,15,attacker,0,7000,5603,1397,3500,0,3500,False,True,0,0,loser destroyed,Rome defeats Gaul,,50.2,lc-ar-one_start.SAV,lc-ar-one_s3_r1_BATTLE01.SAV,lc-ar-one_s3_r1_BATTLE15.SAV,lc-ar-one_s3_r1_post.SAV,606fc1c37af3,a9b74ee30290,halfrounds-lc-ar-one_s3_r1.jsonl,9,4
lc-lc-one_s1_r1,lc-lc-one,lab,L1 from FLD-RG (labelled synthetic),lc,lc,one,1,1,Imperial Conquest 2 lab s1.exe,ok,15,defender,0,7000,0,7000,7000,4551,2449,True,False,0,0,loser destroyed,Gaul defeats Rome,,49.5,lc-lc-one_start.SAV,lc-lc-one_s1_r1_BATTLE01.SAV,lc-lc-one_s1_r1_BATTLE15.SAV,lc-lc-one_s1_r1_post.SAV,610b73033792,24f1a932ad08,halfrounds-lc-lc-one_s1_r1.jsonl,15,11
lc-lc-one_s2_r1,lc-lc-one,lab,L1 from FLD-RG (labelled synthetic),lc,lc,one,2,1,Imperial Conquest 2 lab s2.exe,ok,18,defender,0,7000,0,7000,7000,4208,2792,True,False,0,1,loser destroyed,Gaul defeats Rome,,50.0,lc-lc-one_start.SAV,lc-lc-one_s2_r1_BATTLE01.SAV,lc-lc-one_s2_r1_BATTLE18.SAV,lc-lc-one_s2_r1_post.SAV,1050e10796cc,8631be7507e0,halfrounds-lc-lc-one_s2_r1.jsonl,17,13
lc-lc-one_s3_r1,lc-lc-one,lab,L1 from FLD-RG (labelled synthetic),lc,lc,one,3,1,Imperial Conquest 2 lab s3.exe,ok,15,defender,0,7000,0,7000,7000,4612,2388,True,False,0,0,loser destroyed,Gaul defeats Rome,Offer of peace,56.1,lc-lc-one_start.SAV,lc-lc-one_s3_r1_BATTLE01.SAV,lc-lc-one_s3_r1_BATTLE15.SAV,lc-lc-one_s3_r1_post.SAV,d21e67dc527b,9b2a68d578ed,halfrounds-lc-lc-one_s3_r1.jsonl,15,11
lc-hc-one_s1_r1,lc-hc-one,lab,L1 from FLD-RG (labelled synthetic),lc,hc,one,1,1,Imperial Conquest 2 lab s1.exe,ok,15,attacker,0,7000,5920,1080,2500,0,2500,False,True,0,0,loser destroyed,Rome defeats Gaul,,49.7,lc-hc-one_start.SAV,lc-hc-one_s1_r1_BATTLE01.SAV,lc-hc-one_s1_r1_BATTLE15.SAV,lc-hc-one_s1_r1_post.SAV,15541a3e56f4,3d7df820a226,halfrounds-lc-hc-one_s1_r1.jsonl,14,12
lc-hc-one_s2_r1,lc-hc-one,lab,L1 from FLD-RG (labelled synthetic),lc,hc,one,2,1,Imperial Conquest 2 lab s2.exe,ok,14,attacker,0,7000,6055,945,2500,0,2500,False,True,0,0,loser destroyed,Rome defeats Gaul,,49.4,lc-hc-one_start.SAV,lc-hc-one_s2_r1_BATTLE01.SAV,lc-hc-one_s2_r1_BATTLE14.SAV,lc-hc-one_s2_r1_post.SAV,4948958c21a4,115a290b99f7,halfrounds-lc-hc-one_s2_r1.jsonl,12,10
lc-hc-one_s3_r1,lc-hc-one,lab,L1 from FLD-RG (labelled synthetic),lc,hc,one,3,1,Imperial Conquest 2 lab s3.exe,ok,16,attacker,0,7000,4989,2011,2500,0,2500,False,True,0,0,loser destroyed,Rome defeats Gaul,,49.4,lc-hc-one_start.SAV,lc-hc-one_s3_r1_BATTLE01.SAV,lc-hc-one_s3_r1_BATTLE16.SAV,lc-hc-one_s3_r1_post.SAV,4f04c1222a03,6d0cb635edc8,halfrounds-lc-hc-one_s3_r1.jsonl,16,14
lc-li-three_s1_r1,lc-li-three,lab,L1 from FLD-RG (labelled synthetic),lc,li,three,1,1,Imperial Conquest 2 lab s1.exe,ok,28,attacker,1,21000,3096,17904,45000,0,45000,False,True,0,0,loser destroyed,Rome defeats Gaul,,50.9,lc-li-three_start.SAV,lc-li-three_s1_r1_BATTLE01.SAV,lc-li-three_s1_r1_BATTLE28.SAV,lc-li-three_s1_r1_post.SAV,8e54173b3d32,e393f6eb2bd4,halfrounds-lc-li-three_s1_r1.jsonl,53,26
lc-li-three_s2_r1,lc-li-three,lab,L1 from FLD-RG (labelled synthetic),lc,li,three,2,1,Imperial Conquest 2 lab s2.exe,ok,19,attacker,1,21000,8784,12216,45000,0,45000,False,True,0,0,loser destroyed,Rome defeats Gaul,,50.9,lc-li-three_start.SAV,lc-li-three_s2_r1_BATTLE01.SAV,lc-li-three_s2_r1_BATTLE19.SAV,lc-li-three_s2_r1_post.SAV,09fb51c7a28c,a5074c13f91b,halfrounds-lc-li-three_s2_r1.jsonl,39,6
lc-li-three_s3_r1,lc-li-three,lab,L1 from FLD-RG (labelled synthetic),lc,li,three,3,1,Imperial Conquest 2 lab s3.exe,ok,18,attacker,1,21000,13005,7995,45000,0,45000,False,True,0,0,loser destroyed,Rome defeats Gaul,,50.8,lc-li-three_start.SAV,lc-li-three_s3_r1_BATTLE01.SAV,lc-li-three_s3_r1_BATTLE18.SAV,lc-li-three_s3_r1_post.SAV,670d8f5c87e3,53c4b5a22596,halfrounds-lc-li-three_s3_r1.jsonl,35,8
lc-hi-three_s1_r1,lc-hi-three,lab,L1 from FLD-RG (labelled synthetic),lc,hi,three,1,1,Imperial Conquest 2 lab s1.exe,ok,24,defender,1,21000,0,21000,18000,8301,9699,True,False,0,0,loser destroyed,Gaul defeats Rome,,50.9,lc-hi-three_start.SAV,lc-hi-three_s1_r1_BATTLE01.SAV,lc-hi-three_s1_r1_BATTLE24.SAV,lc-hi-three_s1_r1_post.SAV,6c316aae2f8a,3d3ec9be095f,halfrounds-lc-hi-three_s1_r1.jsonl,57,14
lc-hi-three_s2_r1,lc-hi-three,lab,L1 from FLD-RG (labelled synthetic),lc,hi,three,2,1,Imperial Conquest 2 lab s2.exe,ok,22,defender,1,21000,0,21000,18000,11968,6032,True,False,0,2,loser destroyed,Gaul defeats Rome,Offer of peace,57.0,lc-hi-three_start.SAV,lc-hi-three_s2_r1_BATTLE01.SAV,lc-hi-three_s2_r1_BATTLE22.SAV,lc-hi-three_s2_r1_post.SAV,06002747281d,7e3b01a0b721,halfrounds-lc-hi-three_s2_r1.jsonl,55,19
lc-hi-three_s3_r1,lc-hi-three,lab,L1 from FLD-RG (labelled synthetic),lc,hi,three,3,1,Imperial Conquest 2 lab s3.exe,ok,22,defender,0,21000,0,21000,18000,7989,10011,True,False,0,1,loser destroyed,Gaul defeats Rome,,50.4,lc-hi-three_start.SAV,lc-hi-three_s3_r1_BATTLE01.SAV,lc-hi-three_s3_r1_BATTLE22.SAV,lc-hi-three_s3_r1_post.SAV,9a485d37836e,a2bf2db7bca9,halfrounds-lc-hi-three_s3_r1.jsonl,55,9
lc-ar-three_s1_r1,lc-ar-three,lab,L1 from FLD-RG (labelled synthetic),lc,ar,three,1,1,Imperial Conquest 2 lab s1.exe,ok,11,attacker,0,21000,17738,3262,10500,0,10500,False,True,1,0,loser destroyed,Rome defeats Gaul,,50.4,lc-ar-three_start.SAV,lc-ar-three_s1_r1_BATTLE01.SAV,lc-ar-three_s1_r1_BATTLE11.SAV,lc-ar-three_s1_r1_post.SAV,c7935461c303,d5b3bd6bd8e3,halfrounds-lc-ar-three_s1_r1.jsonl,11,0
lc-ar-three_s2_r1,lc-ar-three,lab,L1 from FLD-RG (labelled synthetic),lc,ar,three,2,1,Imperial Conquest 2 lab s2.exe,ok,13,attacker,0,21000,17225,3775,10500,0,10500,False,True,0,0,loser destroyed,Rome defeats Gaul,,50.5,lc-ar-three_start.SAV,lc-ar-three_s2_r1_BATTLE01.SAV,lc-ar-three_s2_r1_BATTLE13.SAV,lc-ar-three_s2_r1_post.SAV,62130da58e4d,34a3e576404f,halfrounds-lc-ar-three_s2_r1.jsonl,13,0
lc-ar-three_s3_r1,lc-ar-three,lab,L1 from FLD-RG (labelled synthetic),lc,ar,three,3,1,Imperial Conquest 2 lab s3.exe,ok,13,attacker,0,21000,17668,3332,10500,0,10500,False,True,1,0,loser destroyed,Rome defeats Gaul,,50.6,lc-ar-three_start.SAV,lc-ar-three_s3_r1_BATTLE01.SAV,lc-ar-three_s3_r1_BATTLE13.SAV,lc-ar-three_s3_r1_post.SAV,94e40b176445,fdbe766df709,halfrounds-lc-ar-three_s3_r1.jsonl,16,0
lc-lc-three_s1_r1,lc-lc-three,lab,L1 from FLD-RG (labelled synthetic),lc,lc,three,1,1,Imperial Conquest 2 lab s1.exe,ok,21,defender,1,21000,0,21000,21000,9429,11571,True,False,0,0,loser destroyed,Gaul defeats Rome,Offer of peace,58.5,lc-lc-three_start.SAV,lc-lc-three_s1_r1_BATTLE01.SAV,lc-lc-three_s1_r1_BATTLE21.SAV,lc-lc-three_s1_r1_post.SAV,5339a16c4f54,89c422c01482,halfrounds-lc-lc-three_s1_r1.jsonl,44,15
lc-lc-three_s2_r1,lc-lc-three,lab,L1 from FLD-RG (labelled synthetic),lc,lc,three,2,1,Imperial Conquest 2 lab s2.exe,ok,26,defender,1,21000,0,21000,21000,5644,15356,True,False,0,1,loser destroyed,Gaul defeats Rome,,51.8,lc-lc-three_start.SAV,lc-lc-three_s2_r1_BATTLE01.SAV,lc-lc-three_s2_r1_BATTLE26.SAV,lc-lc-three_s2_r1_post.SAV,3de22cedc18d,54f9bd853eb6,halfrounds-lc-lc-three_s2_r1.jsonl,57,13
lc-lc-three_s3_r1,lc-lc-three,lab,L1 from FLD-RG (labelled synthetic),lc,lc,three,3,1,Imperial Conquest 2 lab s3.exe,ok,20,defender,1,21000,0,21000,21000,10062,10938,True,False,0,0,loser destroyed,Gaul defeats Rome,Offer of peace,56.8,lc-lc-three_start.SAV,lc-lc-three_s3_r1_BATTLE01.SAV,lc-lc-three_s3_r1_BATTLE20.SAV,lc-lc-three_s3_r1_post.SAV,bb3f897e6167,1449eac9ef00,halfrounds-lc-lc-three_s3_r1.jsonl,42,15
lc-hc-three_s1_r1,lc-hc-three,lab,L1 from FLD-RG (labelled synthetic),lc,hc,three,1,1,Imperial Conquest 2 lab s1.exe,ok,23,attacker,0,21000,10946,10054,7500,0,7500,False,True,1,0,loser destroyed,Rome defeats Gaul,,50.3,lc-hc-three_start.SAV,lc-hc-three_s1_r1_BATTLE01.SAV,lc-hc-three_s1_r1_BATTLE23.SAV,lc-hc-three_s1_r1_post.SAV,85a2e7f6b3f7,770c0a3819ba,halfrounds-lc-hc-three_s1_r1.jsonl,51,16
lc-hc-three_s2_r1,lc-hc-three,lab,L1 from FLD-RG (labelled synthetic),lc,hc,three,2,1,Imperial Conquest 2 lab s2.exe,ok,17,attacker,0,21000,15809,5191,7500,0,7500,False,True,1,0,loser destroyed,Rome defeats Gaul,,50.2,lc-hc-three_start.SAV,lc-hc-three_s2_r1_BATTLE01.SAV,lc-hc-three_s2_r1_BATTLE17.SAV,lc-hc-three_s2_r1_post.SAV,cf13266764e3,4627c30d9b30,halfrounds-lc-hc-three_s2_r1.jsonl,35,6
lc-hc-three_s3_r1,lc-hc-three,lab,L1 from FLD-RG (labelled synthetic),lc,hc,three,3,1,Imperial Conquest 2 lab s3.exe,ok,17,attacker,0,21000,17431,3569,7500,0,7500,False,True,0,0,loser destroyed,Rome defeats Gaul,,49.7,lc-hc-three_start.SAV,lc-hc-three_s3_r1_BATTLE01.SAV,lc-hc-three_s3_r1_BATTLE17.SAV,lc-hc-three_s3_r1_post.SAV,ffae9b4ff72a,d1415d422e17,halfrounds-lc-hc-three_s3_r1.jsonl,31,9
hc-li-half_s1_r1,hc-li-half,lab,L1 from FLD-RG (labelled synthetic),hc,li,half,1,1,Imperial Conquest 2 lab s1.exe,ok,12,defender,0,1250,0,1250,7500,6081,1419,True,False,0,1,loser destroyed,Gaul defeats Rome,,49.5,hc-li-half_start.SAV,hc-li-half_s1_r1_BATTLE01.SAV,hc-li-half_s1_r1_BATTLE12.SAV,hc-li-half_s1_r1_post.SAV,2f379d0975af,9368fa08ed13,halfrounds-hc-li-half_s1_r1.jsonl,9,6
hc-li-half_s2_r1,hc-li-half,lab,L1 from FLD-RG (labelled synthetic),hc,li,half,2,1,Imperial Conquest 2 lab s2.exe,ok,12,defender,0,1250,0,1250,7500,6059,1441,True,False,0,0,loser destroyed,Gaul defeats Rome,Offer of peace,55.7,hc-li-half_start.SAV,hc-li-half_s2_r1_BATTLE01.SAV,hc-li-half_s2_r1_BATTLE12.SAV,hc-li-half_s2_r1_post.SAV,e9456c0aba64,114754f6e685,halfrounds-hc-li-half_s2_r1.jsonl,9,6
hc-li-half_s3_r1,hc-li-half,lab,L1 from FLD-RG (labelled synthetic),hc,li,half,3,1,Imperial Conquest 2 lab s3.exe,ok,12,defender,0,1250,0,1250,7500,5931,1569,True,False,0,1,loser destroyed,Gaul defeats Rome,Offer of peace,55.3,hc-li-half_start.SAV,hc-li-half_s3_r1_BATTLE01.SAV,hc-li-half_s3_r1_BATTLE12.SAV,hc-li-half_s3_r1_post.SAV,fb4e63a11a64,b049633b3ff8,halfrounds-hc-li-half_s3_r1.jsonl,9,6
hc-hi-half_s1_r1,hc-hi-half,lab,L1 from FLD-RG (labelled synthetic),hc,hi,half,1,1,Imperial Conquest 2 lab s1.exe,ok,13,defender,0,1250,0,1250,3000,2509,491,True,False,0,0,loser destroyed,Gaul defeats Rome,,49.1,hc-hi-half_start.SAV,hc-hi-half_s1_r1_BATTLE01.SAV,hc-hi-half_s1_r1_BATTLE13.SAV,hc-hi-half_s1_r1_post.SAV,b1fbe0b0e187,e2afb14cf4cf,halfrounds-hc-hi-half_s1_r1.jsonl,12,12
hc-hi-half_s2_r1,hc-hi-half,lab,L1 from FLD-RG (labelled synthetic),hc,hi,half,2,1,Imperial Conquest 2 lab s2.exe,ok,13,defender,0,1250,0,1250,3000,2497,503,True,False,0,0,loser destroyed,Gaul defeats Rome,Offer of peace,55.5,hc-hi-half_start.SAV,hc-hi-half_s2_r1_BATTLE01.SAV,hc-hi-half_s2_r1_BATTLE13.SAV,hc-hi-half_s2_r1_post.SAV,ade2a4340657,47af1c5e3f17,halfrounds-hc-hi-half_s2_r1.jsonl,12,12
hc-hi-half_s3_r1,hc-hi-half,lab,L1 from FLD-RG (labelled synthetic),hc,hi,half,3,1,Imperial Conquest 2 lab s3.exe,ok,15,defender,0,1250,0,1250,3000,2046,954,True,False,0,1,loser destroyed,Gaul defeats Rome,Offer of peace,55.3,hc-hi-half_start.SAV,hc-hi-half_s3_r1_BATTLE01.SAV,hc-hi-half_s3_r1_BATTLE15.SAV,hc-hi-half_s3_r1_post.SAV,94fe0da04393,5b632c041f60,halfrounds-hc-hi-half_s3_r1.jsonl,16,16
hc-ar-half_s1_r1,hc-ar-half,lab,L1 from FLD-RG (labelled synthetic),hc,ar,half,1,1,Imperial Conquest 2 lab s1.exe,ok,19,attacker,0,1250,870,380,1750,0,1750,False,True,0,0,loser destroyed,Rome defeats Gaul,,49.6,hc-ar-half_start.SAV,hc-ar-half_s1_r1_BATTLE01.SAV,hc-ar-half_s1_r1_BATTLE19.SAV,hc-ar-half_s1_r1_post.SAV,11f2f66362af,0d9d1f45656f,halfrounds-hc-ar-half_s1_r1.jsonl,11,6
hc-ar-half_s2_r1,hc-ar-half,lab,L1 from FLD-RG (labelled synthetic),hc,ar,half,2,1,Imperial Conquest 2 lab s2.exe,ok,19,attacker,0,1250,870,380,1750,0,1750,False,True,0,0,loser destroyed,Rome defeats Gaul,,49.7,hc-ar-half_start.SAV,hc-ar-half_s2_r1_BATTLE01.SAV,hc-ar-half_s2_r1_BATTLE19.SAV,hc-ar-half_s2_r1_post.SAV,11f2f66362af,3c188366f441,halfrounds-hc-ar-half_s2_r1.jsonl,11,6
hc-ar-half_s3_r1,hc-ar-half,lab,L1 from FLD-RG (labelled synthetic),hc,ar,half,3,1,Imperial Conquest 2 lab s3.exe,ok,17,attacker,0,1250,937,313,1750,0,1750,False,True,0,0,loser destroyed,Rome defeats Gaul,,50.3,hc-ar-half_start.SAV,hc-ar-half_s3_r1_BATTLE01.SAV,hc-ar-half_s3_r1_BATTLE17.SAV,hc-ar-half_s3_r1_post.SAV,a7d36cc30917,166415adfa34,halfrounds-hc-ar-half_s3_r1.jsonl,9,5
hc-lc-half_s1_r1,hc-lc-half,lab,L1 from FLD-RG (labelled synthetic),hc,lc,half,1,1,Imperial Conquest 2 lab s1.exe,ok,11,defender,0,1250,0,1250,3500,3232,268,True,False,0,1,loser destroyed,Gaul defeats Rome,Offer of peace,55.7,hc-lc-half_start.SAV,hc-lc-half_s1_r1_BATTLE01.SAV,hc-lc-half_s1_r1_BATTLE11.SAV,hc-lc-half_s1_r1_post.SAV,299007c03ae0,0422f35ac309,halfrounds-hc-lc-half_s1_r1.jsonl,7,5
hc-lc-half_s2_r1,hc-lc-half,lab,L1 from FLD-RG (labelled synthetic),hc,lc,half,2,1,Imperial Conquest 2 lab s2.exe,ok,11,defender,0,1250,0,1250,3500,3260,240,True,False,0,1,loser destroyed,Gaul defeats Rome,,50.1,hc-lc-half_start.SAV,hc-lc-half_s2_r1_BATTLE01.SAV,hc-lc-half_s2_r1_BATTLE11.SAV,hc-lc-half_s2_r1_post.SAV,1bc52a296c60,f2bd954410ef,halfrounds-hc-lc-half_s2_r1.jsonl,7,5
hc-lc-half_s3_r1,hc-lc-half,lab,L1 from FLD-RG (labelled synthetic),hc,lc,half,3,1,Imperial Conquest 2 lab s3.exe,ok,11,defender,0,1250,0,1250,3500,3230,270,True,False,0,1,loser destroyed,Gaul defeats Rome,Offer of peace,56.7,hc-lc-half_start.SAV,hc-lc-half_s3_r1_BATTLE01.SAV,hc-lc-half_s3_r1_BATTLE11.SAV,hc-lc-half_s3_r1_post.SAV,ad786d5470ba,b87c46e81905,halfrounds-hc-lc-half_s3_r1.jsonl,7,5
hc-hc-half_s1_r1,hc-hc-half,lab,L1 from FLD-RG (labelled synthetic),hc,hc,half,1,1,Imperial Conquest 2 lab s1.exe,ok,20,defender,0,1250,0,1250,1250,613,637,True,False,0,0,loser destroyed,Gaul defeats Rome,,49.9,hc-hc-half_start.SAV,hc-hc-half_s1_r1_BATTLE01.SAV,hc-hc-half_s1_r1_BATTLE20.SAV,hc-hc-half_s1_r1_post.SAV,526b68b562c1,f47063749189,halfrounds-hc-hc-half_s1_r1.jsonl,24,24
hc-hc-half_s2_r1,hc-hc-half,lab,L1 from FLD-RG (labelled synthetic),hc,hc,half,2,1,Imperial Conquest 2 lab s2.exe,ok,19,defender,0,1250,0,1250,1250,587,663,True,False,0,0,loser destroyed,Gaul defeats Rome,Offer of peace,57.5,hc-hc-half_start.SAV,hc-hc-half_s2_r1_BATTLE01.SAV,hc-hc-half_s2_r1_BATTLE19.SAV,hc-hc-half_s2_r1_post.SAV,63a72bdc7dcd,3cf768737fc9,halfrounds-hc-hc-half_s2_r1.jsonl,22,22
hc-hc-half_s3_r1,hc-hc-half,lab,L1 from FLD-RG (labelled synthetic),hc,hc,half,3,1,Imperial Conquest 2 lab s3.exe,ok,15,defender,0,1250,0,1250,1250,876,374,True,False,0,0,loser destroyed,Gaul defeats Rome,,50.5,hc-hc-half_start.SAV,hc-hc-half_s3_r1_BATTLE01.SAV,hc-hc-half_s3_r1_BATTLE15.SAV,hc-hc-half_s3_r1_post.SAV,0de9c2722a6f,3c9889d63a7c,halfrounds-hc-hc-half_s3_r1.jsonl,14,14
hc-li-one_s1_r1,hc-li-one,lab,L1 from FLD-RG (labelled synthetic),hc,li,one,1,1,Imperial Conquest 2 lab s1.exe,ok,13,defender,0,2500,0,2500,15000,11794,3206,True,False,0,1,loser destroyed,Gaul defeats Rome,,49.9,hc-li-one_start.SAV,hc-li-one_s1_r1_BATTLE01.SAV,hc-li-one_s1_r1_BATTLE13.SAV,hc-li-one_s1_r1_post.SAV,15196cc63587,34f2974193ac,halfrounds-hc-li-one_s1_r1.jsonl,11,8
hc-li-one_s2_r1,hc-li-one,lab,L1 from FLD-RG (labelled synthetic),hc,li,one,2,1,Imperial Conquest 2 lab s2.exe,ok,12,defender,0,2500,0,2500,15000,11981,3019,True,False,0,0,loser destroyed,Gaul defeats Rome,,49.3,hc-li-one_start.SAV,hc-li-one_s2_r1_BATTLE01.SAV,hc-li-one_s2_r1_BATTLE12.SAV,hc-li-one_s2_r1_post.SAV,121648f6a42d,3d04257e9ad4,halfrounds-hc-li-one_s2_r1.jsonl,9,6
hc-li-one_s3_r1,hc-li-one,lab,L1 from FLD-RG (labelled synthetic),hc,li,one,3,1,Imperial Conquest 2 lab s3.exe,ok,12,defender,0,2500,0,2500,15000,11641,3359,True,False,0,1,loser destroyed,Gaul defeats Rome,Offer of peace,55.5,hc-li-one_start.SAV,hc-li-one_s3_r1_BATTLE01.SAV,hc-li-one_s3_r1_BATTLE12.SAV,hc-li-one_s3_r1_post.SAV,34afaa2675f5,6315b1bcc2fb,halfrounds-hc-li-one_s3_r1.jsonl,9,6
hc-hi-one_s1_r1,hc-hi-one,lab,L1 from FLD-RG (labelled synthetic),hc,hi,one,1,1,Imperial Conquest 2 lab s1.exe,ok,15,defender,0,2500,0,2500,6000,5007,993,True,False,0,1,loser destroyed,Gaul defeats Rome,,49.4,hc-hi-one_start.SAV,hc-hi-one_s1_r1_BATTLE01.SAV,hc-hi-one_s1_r1_BATTLE15.SAV,hc-hi-one_s1_r1_post.SAV,e9aaa5321413,4656f8de4014,halfrounds-hc-hi-one_s1_r1.jsonl,16,16
hc-hi-one_s2_r1,hc-hi-one,lab,L1 from FLD-RG (labelled synthetic),hc,hi,one,2,1,Imperial Conquest 2 lab s2.exe,ok,14,defender,0,2500,0,2500,6000,4995,1005,True,False,0,0,loser destroyed,Gaul defeats Rome,,49.3,hc-hi-one_start.SAV,hc-hi-one_s2_r1_BATTLE01.SAV,hc-hi-one_s2_r1_BATTLE14.SAV,hc-hi-one_s2_r1_post.SAV,e35019dc96ef,033852bda131,halfrounds-hc-hi-one_s2_r1.jsonl,14,14
hc-hi-one_s3_r1,hc-hi-one,lab,L1 from FLD-RG (labelled synthetic),hc,hi,one,3,1,Imperial Conquest 2 lab s3.exe,ok,16,defender,0,2500,0,2500,6000,4107,1893,True,False,0,0,loser destroyed,Gaul defeats Rome,Offer of peace,56.3,hc-hi-one_start.SAV,hc-hi-one_s3_r1_BATTLE01.SAV,hc-hi-one_s3_r1_BATTLE16.SAV,hc-hi-one_s3_r1_post.SAV,0b7d6ae349f1,29973ab36616,halfrounds-hc-hi-one_s3_r1.jsonl,18,18
hc-ar-one_s1_r1,hc-ar-one,lab,L1 from FLD-RG (labelled synthetic),hc,ar,one,1,1,Imperial Conquest 2 lab s1.exe,ok,20,attacker,0,2500,1732,768,3500,0,3500,False,True,0,0,loser destroyed,Rome defeats Gaul,,49.8,hc-ar-one_start.SAV,hc-ar-one_s1_r1_BATTLE01.SAV,hc-ar-one_s1_r1_BATTLE20.SAV,hc-ar-one_s1_r1_post.SAV,5df7c66225c6,0ac51159502c,halfrounds-hc-ar-one_s1_r1.jsonl,13,7
hc-ar-one_s2_r1,hc-ar-one,lab,L1 from FLD-RG (labelled synthetic),hc,ar,one,2,1,Imperial Conquest 2 lab s2.exe,ok,20,attacker,0,2500,1720,780,3500,0,3500,False,True,1,0,loser destroyed,Rome defeats Gaul,,49.6,hc-ar-one_start.SAV,hc-ar-one_s2_r1_BATTLE01.SAV,hc-ar-one_s2_r1_BATTLE20.SAV,hc-ar-one_s2_r1_post.SAV,fdfaf40af74c,d36e86314203,halfrounds-hc-ar-one_s2_r1.jsonl,13,7
hc-ar-one_s3_r1,hc-ar-one,lab,L1 from FLD-RG (labelled synthetic),hc,ar,one,3,1,Imperial Conquest 2 lab s3.exe,ok,20,attacker,0,2500,1857,643,3500,0,3500,False,True,0,0,loser destroyed,Rome defeats Gaul,,49.6,hc-ar-one_start.SAV,hc-ar-one_s3_r1_BATTLE01.SAV,hc-ar-one_s3_r1_BATTLE20.SAV,hc-ar-one_s3_r1_post.SAV,776ffcaedcbd,d1eb18b80eee,halfrounds-hc-ar-one_s3_r1.jsonl,13,7
hc-lc-one_s1_r1,hc-lc-one,lab,L1 from FLD-RG (labelled synthetic),hc,lc,one,1,1,Imperial Conquest 2 lab s1.exe,ok,12,defender,0,2500,0,2500,7000,6453,547,True,False,0,1,loser destroyed,Gaul defeats Rome,,49.1,hc-lc-one_start.SAV,hc-lc-one_s1_r1_BATTLE01.SAV,hc-lc-one_s1_r1_BATTLE12.SAV,hc-lc-one_s1_r1_post.SAV,66bc2d60af93,2da1fb3d7191,halfrounds-hc-lc-one_s1_r1.jsonl,9,7
hc-lc-one_s2_r1,hc-lc-one,lab,L1 from FLD-RG (labelled synthetic),hc,lc,one,2,1,Imperial Conquest 2 lab s2.exe,ok,11,defender,0,2500,0,2500,7000,6498,502,True,False,0,1,loser destroyed,Gaul defeats Rome,,49.0,hc-lc-one_start.SAV,hc-lc-one_s2_r1_BATTLE01.SAV,hc-lc-one_s2_r1_BATTLE11.SAV,hc-lc-one_s2_r1_post.SAV,2c2e2c1280da,25390e9919a9,halfrounds-hc-lc-one_s2_r1.jsonl,7,5
hc-lc-one_s3_r1,hc-lc-one,lab,L1 from FLD-RG (labelled synthetic),hc,lc,one,3,1,Imperial Conquest 2 lab s3.exe,ok,12,defender,0,2500,0,2500,7000,6427,573,True,False,0,0,loser destroyed,Gaul defeats Rome,Offer of peace,55.2,hc-lc-one_start.SAV,hc-lc-one_s3_r1_BATTLE01.SAV,hc-lc-one_s3_r1_BATTLE12.SAV,hc-lc-one_s3_r1_post.SAV,87fec7ffed4a,8b5b044f7365,halfrounds-hc-lc-one_s3_r1.jsonl,9,7
hc-hc-one_s1_r1,hc-hc-one,lab,L1 from FLD-RG (labelled synthetic),hc,hc,one,1,1,Imperial Conquest 2 lab s1.exe,ok,21,defender,0,2500,0,2500,2500,1226,1274,True,False,0,0,loser destroyed,Gaul defeats Rome,Offer of peace,55.2,hc-hc-one_start.SAV,hc-hc-one_s1_r1_BATTLE01.SAV,hc-hc-one_s1_r1_BATTLE21.SAV,hc-hc-one_s1_r1_post.SAV,449a0a04fa14,bd80452b474a,halfrounds-hc-hc-one_s1_r1.jsonl,26,26
hc-hc-one_s2_r1,hc-hc-one,lab,L1 from FLD-RG (labelled synthetic),hc,hc,one,2,1,Imperial Conquest 2 lab s2.exe,ok,20,defender,0,2500,0,2500,2500,1173,1327,True,False,0,0,loser destroyed,Gaul defeats Rome,,49.0,hc-hc-one_start.SAV,hc-hc-one_s2_r1_BATTLE01.SAV,hc-hc-one_s2_r1_BATTLE20.SAV,hc-hc-one_s2_r1_post.SAV,09a23d8122de,ae354b7758b3,halfrounds-hc-hc-one_s2_r1.jsonl,24,24
hc-hc-one_s3_r1,hc-hc-one,lab,L1 from FLD-RG (labelled synthetic),hc,hc,one,3,1,Imperial Conquest 2 lab s3.exe,ok,17,defender,0,2500,0,2500,2500,1744,756,True,False,0,0,loser destroyed,Gaul defeats Rome,Offer of peace,55.6,hc-hc-one_start.SAV,hc-hc-one_s3_r1_BATTLE01.SAV,hc-hc-one_s3_r1_BATTLE17.SAV,hc-hc-one_s3_r1_post.SAV,cfde2bca742c,e1ef6fe50ef1,halfrounds-hc-hc-one_s3_r1.jsonl,18,18
hc-li-three_s1_r1,hc-li-three,lab,L1 from FLD-RG (labelled synthetic),hc,li,three,1,1,Imperial Conquest 2 lab s1.exe,ok,12,defender,0,7500,0,7500,45000,36086,8914,True,False,0,0,loser destroyed,Gaul defeats Rome,Offer of peace,55.9,hc-li-three_start.SAV,hc-li-three_s1_r1_BATTLE01.SAV,hc-li-three_s1_r1_BATTLE12.SAV,hc-li-three_s1_r1_post.SAV,d1ab682976d0,9a107f0fbd92,halfrounds-hc-li-three_s1_r1.jsonl,20,1
hc-li-three_s2_r1,hc-li-three,lab,L1 from FLD-RG (labelled synthetic),hc,li,three,2,1,Imperial Conquest 2 lab s2.exe,ok,18,defender,0,7500,0,7500,45000,29093,15907,True,False,0,1,loser destroyed,Gaul defeats Rome,Offer of peace,55.8,hc-li-three_start.SAV,hc-li-three_s2_r1_BATTLE01.SAV,hc-li-three_s2_r1_BATTLE18.SAV,hc-li-three_s2_r1_post.SAV,2e07695ac923,e19057c061fe,halfrounds-hc-li-three_s2_r1.jsonl,40,7
hc-li-three_s3_r1,hc-li-three,lab,L1 from FLD-RG (labelled synthetic),hc,li,three,3,1,Imperial Conquest 2 lab s3.exe,ok,14,defender,0,7500,0,7500,45000,38247,6753,True,False,0,0,loser destroyed,Gaul defeats Rome,Offer of peace,55.9,hc-li-three_start.SAV,hc-li-three_s3_r1_BATTLE01.SAV,hc-li-three_s3_r1_BATTLE14.SAV,hc-li-three_s3_r1_post.SAV,22f45b6ab1a8,c3e674d5afdd,halfrounds-hc-li-three_s3_r1.jsonl,26,5
hc-hi-three_s1_r1,hc-hi-three,lab,L1 from FLD-RG (labelled synthetic),hc,hi,three,1,1,Imperial Conquest 2 lab s1.exe,ok,24,defender,0,7500,0,7500,18000,9297,8703,True,False,0,1,loser destroyed,Gaul defeats Rome,Offer of peace,55.9,hc-hi-three_start.SAV,hc-hi-three_s1_r1_BATTLE01.SAV,hc-hi-three_s1_r1_BATTLE24.SAV,hc-hi-three_s1_r1_post.SAV,f90c9596961c,40d0c2605395,halfrounds-hc-hi-three_s1_r1.jsonl,57,6
hc-hi-three_s2_r1,hc-hi-three,lab,L1 from FLD-RG (labelled synthetic),hc,hi,three,2,1,Imperial Conquest 2 lab s2.exe,ok,18,defender,0,7500,0,7500,18000,13814,4186,True,False,0,0,loser destroyed,Gaul defeats Rome,Offer of peace,55.8,hc-hi-three_start.SAV,hc-hi-three_s2_r1_BATTLE01.SAV,hc-hi-three_s2_r1_BATTLE18.SAV,hc-hi-three_s2_r1_post.SAV,16e6d3de41ec,9a406fcbaa09,halfrounds-hc-hi-three_s2_r1.jsonl,48,15
hc-hi-three_s3_r1,hc-hi-three,lab,L1 from FLD-RG (labelled synthetic),hc,hi,three,3,1,Imperial Conquest 2 lab s3.exe,ok,21,defender,0,7500,0,7500,18000,12029,5971,True,False,0,0,loser destroyed,Gaul defeats Rome,Offer of peace,55.8,hc-hi-three_start.SAV,hc-hi-three_s3_r1_BATTLE01.SAV,hc-hi-three_s3_r1_BATTLE21.SAV,hc-hi-three_s3_r1_post.SAV,4c6de7c8580f,3a69ad651162,halfrounds-hc-hi-three_s3_r1.jsonl,57,18
hc-ar-three_s1_r1,hc-ar-three,lab,L1 from FLD-RG (labelled synthetic),hc,ar,three,1,1,Imperial Conquest 2 lab s1.exe,ok,24,attacker,1,7500,4201,3299,10500,0,10500,False,True,0,0,loser destroyed,Rome defeats Gaul,,50.8,hc-ar-three_start.SAV,hc-ar-three_s1_r1_BATTLE01.SAV,hc-ar-three_s1_r1_BATTLE24.SAV,hc-ar-three_s1_r1_post.SAV,13fb8ca385df,a365210de063,halfrounds-hc-ar-three_s1_r1.jsonl,32,5
hc-ar-three_s2_r1,hc-ar-three,lab,L1 from FLD-RG (labelled synthetic),hc,ar,three,2,1,Imperial Conquest 2 lab s2.exe,ok,25,attacker,1,7500,4159,3341,10500,0,10500,False,True,0,0,loser destroyed,Rome defeats Gaul,,52.5,hc-ar-three_start.SAV,hc-ar-three_s2_r1_BATTLE01.SAV,hc-ar-three_s2_r1_BATTLE25.SAV,hc-ar-three_s2_r1_post.SAV,f6b66f4d0352,4e104352c43a,halfrounds-hc-ar-three_s2_r1.jsonl,34,6
hc-ar-three_s3_r1,hc-ar-three,lab,L1 from FLD-RG (labelled synthetic),hc,ar,three,3,1,Imperial Conquest 2 lab s3.exe,ok,24,attacker,1,7500,4242,3258,10500,0,10500,False,True,2,0,loser destroyed,Rome defeats Gaul,,50.9,hc-ar-three_start.SAV,hc-ar-three_s3_r1_BATTLE01.SAV,hc-ar-three_s3_r1_BATTLE24.SAV,hc-ar-three_s3_r1_post.SAV,5101fb65be8e,94c791a66a79,halfrounds-hc-ar-three_s3_r1.jsonl,31,5
hc-lc-three_s1_r1,hc-lc-three,lab,L1 from FLD-RG (labelled synthetic),hc,lc,three,1,1,Imperial Conquest 2 lab s1.exe,ok,12,defender,0,7500,0,7500,21000,18697,2303,True,False,0,0,loser destroyed,Gaul defeats Rome,Offer of peace,56.0,hc-lc-three_start.SAV,hc-lc-three_s1_r1_BATTLE01.SAV,hc-lc-three_s1_r1_BATTLE12.SAV,hc-lc-three_s1_r1_post.SAV,b4ea65a52f1e,b4a74f7e5677,halfrounds-hc-lc-three_s1_r1.jsonl,18,4
hc-lc-three_s2_r1,hc-lc-three,lab,L1 from FLD-RG (labelled synthetic),hc,lc,three,2,1,Imperial Conquest 2 lab s2.exe,ok,17,defender,0,7500,0,7500,21000,16476,4524,True,False,0,1,loser destroyed,Gaul defeats Rome,,50.3,hc-lc-three_start.SAV,hc-lc-three_s2_r1_BATTLE01.SAV,hc-lc-three_s2_r1_BATTLE17.SAV,hc-lc-three_s2_r1_post.SAV,e2e98c979e7f,d70b0e21213c,halfrounds-hc-lc-three_s2_r1.jsonl,38,6
hc-lc-three_s3_r1,hc-lc-three,lab,L1 from FLD-RG (labelled synthetic),hc,lc,three,3,1,Imperial Conquest 2 lab s3.exe,ok,16,defender,0,7500,0,7500,21000,18720,2280,True,False,0,0,loser destroyed,Gaul defeats Rome,,50.4,hc-lc-three_start.SAV,hc-lc-three_s3_r1_BATTLE01.SAV,hc-lc-three_s3_r1_BATTLE16.SAV,hc-lc-three_s3_r1_post.SAV,6497681baaa8,d10d8814aea1,halfrounds-hc-lc-three_s3_r1.jsonl,29,12
hc-hc-three_s1_r1,hc-hc-three,lab,L1 from FLD-RG (labelled synthetic),hc,hc,three,1,1,Imperial Conquest 2 lab s1.exe,ok,24,defender,0,7500,0,7500,7500,3261,4239,True,False,0,0,loser destroyed,Gaul defeats Rome,,50.0,hc-hc-three_start.SAV,hc-hc-three_s1_r1_BATTLE01.SAV,hc-hc-three_s1_r1_BATTLE24.SAV,hc-hc-three_s1_r1_post.SAV,8e9109ffc878,851e1c604dd1,halfrounds-hc-hc-three_s1_r1.jsonl,59,19
hc-hc-three_s2_r1,hc-hc-three,lab,L1 from FLD-RG (labelled synthetic),hc,hc,three,2,1,Imperial Conquest 2 lab s2.exe,ok,21,defender,0,7500,0,7500,7500,4119,3381,True,False,0,0,loser destroyed,Gaul defeats Rome,,50.2,hc-hc-three_start.SAV,hc-hc-three_s2_r1_BATTLE01.SAV,hc-hc-three_s2_r1_BATTLE21.SAV,hc-hc-three_s2_r1_post.SAV,175725750363,ad0e8735a438,halfrounds-hc-hc-three_s2_r1.jsonl,58,15
hc-hc-three_s3_r1,hc-hc-three,lab,L1 from FLD-RG (labelled synthetic),hc,hc,three,3,1,Imperial Conquest 2 lab s3.exe,ok,35,defender,1,7500,0,7500,7500,1348,6152,True,False,0,0,loser destroyed,Gaul defeats Rome,,52.2,hc-hc-three_start.SAV,hc-hc-three_s3_r1_BATTLE01.SAV,hc-hc-three_s3_r1_BATTLE35.SAV,hc-hc-three_s3_r1_post.SAV,08bed8cfa961,f95a3cbd59a6,halfrounds-hc-hc-three_s3_r1.jsonl,77,26
hi-hi-half-one_s1_r1,hi-hi-half-one,lab,L1 from FLD-RG (labelled synthetic),hi,hi,half-one,1,1,Imperial Conquest 2 lab s1.exe,ok,12,defender,0,3000,0,3000,6000,5290,710,True,False,0,0,loser destroyed,Gaul defeats Rome,,51.3,hi-hi-half-one_start.SAV,hi-hi-half-one_s1_r1_BATTLE01.SAV,hi-hi-half-one_s1_r1_BATTLE12.SAV,hi-hi-half-one_s1_r1_post.SAV,27d3cdf42095,230f50e6a571,halfrounds-hi-hi-half-one_s1_r1.jsonl,12,12
hi-hi-half-one_s2_r1,hi-hi-half-one,lab,L1 from FLD-RG (labelled synthetic),hi,hi,half-one,2,1,Imperial Conquest 2 lab s2.exe,ok,12,defender,0,3000,0,3000,6000,5061,939,True,False,0,0,loser destroyed,Gaul defeats Rome,Offer of peace,57.6,hi-hi-half-one_start.SAV,hi-hi-half-one_s2_r1_BATTLE01.SAV,hi-hi-half-one_s2_r1_BATTLE12.SAV,hi-hi-half-one_s2_r1_post.SAV,4c06a14d31ee,15fdb53c128c,halfrounds-hi-hi-half-one_s2_r1.jsonl,12,12
hi-hi-half-one_s3_r1,hi-hi-half-one,lab,L1 from FLD-RG (labelled synthetic),hi,hi,half-one,3,1,Imperial Conquest 2 lab s3.exe,ok,11,defender,0,3000,0,3000,6000,5449,551,True,False,0,1,loser destroyed,Gaul defeats Rome,,50.9,hi-hi-half-one_start.SAV,hi-hi-half-one_s3_r1_BATTLE01.SAV,hi-hi-half-one_s3_r1_BATTLE11.SAV,hi-hi-half-one_s3_r1_post.SAV,442053799f6c,2589a9af1f48,halfrounds-hi-hi-half-one_s3_r1.jsonl,10,10
hi-hi-half-three_s1_r1,hi-hi-half-three,lab,L1 from FLD-RG (labelled synthetic),hi,hi,half-three,1,1,Imperial Conquest 2 lab s1.exe,ok,8,defender,0,3000,0,3000,18000,17623,377,True,False,0,1,loser destroyed,Gaul defeats Rome,,51.8,hi-hi-half-three_start.SAV,hi-hi-half-three_s1_r1_BATTLE01.SAV,hi-hi-half-three_s1_r1_BATTLE08.SAV,hi-hi-half-three_s1_r1_post.SAV,ede07ab3f1f2,d01ba5f676bc,halfrounds-hi-hi-half-three_s1_r1.jsonl,5,3
hi-hi-half-three_s2_r1,hi-hi-half-three,lab,L1 from FLD-RG (labelled synthetic),hi,hi,half-three,2,1,Imperial Conquest 2 lab s2.exe,ok,8,defender,0,3000,0,3000,18000,17692,308,True,False,0,1,loser destroyed,Gaul defeats Rome,,51.0,hi-hi-half-three_start.SAV,hi-hi-half-three_s2_r1_BATTLE01.SAV,hi-hi-half-three_s2_r1_BATTLE08.SAV,hi-hi-half-three_s2_r1_post.SAV,12a3a19ae12a,fc9feb3a6b15,halfrounds-hi-hi-half-three_s2_r1.jsonl,6,4
hi-hi-half-three_s3_r1,hi-hi-half-three,lab,L1 from FLD-RG (labelled synthetic),hi,hi,half-three,3,1,Imperial Conquest 2 lab s3.exe,ok,8,defender,0,3000,0,3000,18000,17557,443,True,False,0,1,loser destroyed,Gaul defeats Rome,,50.7,hi-hi-half-three_start.SAV,hi-hi-half-three_s3_r1_BATTLE01.SAV,hi-hi-half-three_s3_r1_BATTLE08.SAV,hi-hi-half-three_s3_r1_post.SAV,31869c65f8fd,712a2fd182bb,halfrounds-hi-hi-half-three_s3_r1.jsonl,5,3
hi-hi-one-half_s1_r1,hi-hi-one-half,lab,L1 from FLD-RG (labelled synthetic),hi,hi,one-half,1,1,Imperial Conquest 2 lab s1.exe,ok,13,attacker,0,6000,4823,1177,3000,0,3000,False,True,0,0,loser destroyed,Rome defeats Gaul,,51.8,hi-hi-one-half_start.SAV,hi-hi-one-half_s1_r1_BATTLE01.SAV,hi-hi-one-half_s1_r1_BATTLE13.SAV,hi-hi-one-half_s1_r1_post.SAV,09f7d8ea426b,f0eb0877fd6f,halfrounds-hi-hi-one-half_s1_r1.jsonl,14,14
hi-hi-one-half_s2_r1,hi-hi-one-half,lab,L1 from FLD-RG (labelled synthetic),hi,hi,one-half,2,1,Imperial Conquest 2 lab s2.exe,ok,12,attacker,0,6000,4945,1055,3000,0,3000,False,True,0,0,loser destroyed,Rome defeats Gaul,,51.0,hi-hi-one-half_start.SAV,hi-hi-one-half_s2_r1_BATTLE01.SAV,hi-hi-one-half_s2_r1_BATTLE12.SAV,hi-hi-one-half_s2_r1_post.SAV,530c03663a68,05454bf32770,halfrounds-hi-hi-one-half_s2_r1.jsonl,12,12
hi-hi-one-half_s3_r1,hi-hi-one-half,lab,L1 from FLD-RG (labelled synthetic),hi,hi,one-half,3,1,Imperial Conquest 2 lab s3.exe,ok,14,attacker,0,6000,4170,1830,3000,0,3000,False,True,1,0,loser destroyed,Rome defeats Gaul,,51.2,hi-hi-one-half_start.SAV,hi-hi-one-half_s3_r1_BATTLE01.SAV,hi-hi-one-half_s3_r1_BATTLE14.SAV,hi-hi-one-half_s3_r1_post.SAV,7357358d6f25,9cd628a5bb37,halfrounds-hi-hi-one-half_s3_r1.jsonl,16,16
hi-hi-one-three_s1_r1,hi-hi-one-three,lab,L1 from FLD-RG (labelled synthetic),hi,hi,one-three,1,1,Imperial Conquest 2 lab s1.exe,ok,10,defender,0,6000,0,6000,18000,16825,1175,True,False,0,2,loser destroyed,Gaul defeats Rome,,50.9,hi-hi-one-three_start.SAV,hi-hi-one-three_s1_r1_BATTLE01.SAV,hi-hi-one-three_s1_r1_BATTLE10.SAV,hi-hi-one-three_s1_r1_post.SAV,2b0947b14a52,ea63e2f0df1a,halfrounds-hi-hi-one-three_s1_r1.jsonl,11,7
hi-hi-one-three_s2_r1,hi-hi-one-three,lab,L1 from FLD-RG (labelled synthetic),hi,hi,one-three,2,1,Imperial Conquest 2 lab s2.exe,ok,9,defender,0,6000,0,6000,18000,17203,797,True,False,0,2,loser destroyed,Gaul defeats Rome,,50.3,hi-hi-one-three_start.SAV,hi-hi-one-three_s2_r1_BATTLE01.SAV,hi-hi-one-three_s2_r1_BATTLE09.SAV,hi-hi-one-three_s2_r1_post.SAV,99a56304cb5a,57b76b18a5ff,halfrounds-hi-hi-one-three_s2_r1.jsonl,10,7
hi-hi-one-three_s3_r1,hi-hi-one-three,lab,L1 from FLD-RG (labelled synthetic),hi,hi,one-three,3,1,Imperial Conquest 2 lab s3.exe,ok,10,defender,0,6000,0,6000,18000,16710,1290,True,False,0,1,loser destroyed,Gaul defeats Rome,Offer of peace,57.3,hi-hi-one-three_start.SAV,hi-hi-one-three_s3_r1_BATTLE01.SAV,hi-hi-one-three_s3_r1_BATTLE10.SAV,hi-hi-one-three_s3_r1_post.SAV,c6c8da8fe28f,3dcfe954fd87,halfrounds-hi-hi-one-three_s3_r1.jsonl,11,7
hi-hi-three-half_s1_r1,hi-hi-three-half,lab,L1 from FLD-RG (labelled synthetic),hi,hi,three-half,1,1,Imperial Conquest 2 lab s1.exe,ok,9,attacker,0,18000,17530,470,3000,0,3000,False,True,0,0,loser destroyed,Rome defeats Gaul,,50.5,hi-hi-three-half_start.SAV,hi-hi-three-half_s1_r1_BATTLE01.SAV,hi-hi-three-half_s1_r1_BATTLE09.SAV,hi-hi-three-half_s1_r1_post.SAV,ba7b643908a3,5ca7b6f8d1ca,halfrounds-hi-hi-three-half_s1_r1.jsonl,8,5
hi-hi-three-half_s2_r1,hi-hi-three-half,lab,L1 from FLD-RG (labelled synthetic),hi,hi,three-half,2,1,Imperial Conquest 2 lab s2.exe,ok,9,attacker,0,18000,17069,931,3000,0,3000,False,True,0,0,loser destroyed,Rome defeats Gaul,,49.9,hi-hi-three-half_start.SAV,hi-hi-three-half_s2_r1_BATTLE01.SAV,hi-hi-three-half_s2_r1_BATTLE09.SAV,hi-hi-three-half_s2_r1_post.SAV,5500405b4b86,99a4b4352cbb,halfrounds-hi-hi-three-half_s2_r1.jsonl,8,5
hi-hi-three-half_s3_r1,hi-hi-three-half,lab,L1 from FLD-RG (labelled synthetic),hi,hi,three-half,3,1,Imperial Conquest 2 lab s3.exe,ok,9,attacker,0,18000,17345,655,3000,0,3000,False,True,1,0,loser destroyed,Rome defeats Gaul,,49.8,hi-hi-three-half_start.SAV,hi-hi-three-half_s3_r1_BATTLE01.SAV,hi-hi-three-half_s3_r1_BATTLE09.SAV,hi-hi-three-half_s3_r1_post.SAV,5eabb768b12c,45805b736582,halfrounds-hi-hi-three-half_s3_r1.jsonl,8,5
hi-hi-three-one_s1_r1,hi-hi-three-one,lab,L1 from FLD-RG (labelled synthetic),hi,hi,three-one,1,1,Imperial Conquest 2 lab s1.exe,ok,11,attacker,0,18000,16755,1245,6000,0,6000,False,True,0,0,loser destroyed,Rome defeats Gaul,,50.0,hi-hi-three-one_start.SAV,hi-hi-three-one_s1_r1_BATTLE01.SAV,hi-hi-three-one_s1_r1_BATTLE11.SAV,hi-hi-three-one_s1_r1_post.SAV,828bed6bd92f,560ac54c8ef8,halfrounds-hi-hi-three-one_s1_r1.jsonl,14,9
hi-hi-three-one_s2_r1,hi-hi-three-one,lab,L1 from FLD-RG (labelled synthetic),hi,hi,three-one,2,1,Imperial Conquest 2 lab s2.exe,ok,11,attacker,0,18000,15806,2194,6000,0,6000,False,True,0,0,loser destroyed,Rome defeats Gaul,,50.3,hi-hi-three-one_start.SAV,hi-hi-three-one_s2_r1_BATTLE01.SAV,hi-hi-three-one_s2_r1_BATTLE11.SAV,hi-hi-three-one_s2_r1_post.SAV,48a2254442e7,5287bf9a28a4,halfrounds-hi-hi-three-one_s2_r1.jsonl,14,9
hi-hi-three-one_s3_r1,hi-hi-three-one,lab,L1 from FLD-RG (labelled synthetic),hi,hi,three-one,3,1,Imperial Conquest 2 lab s3.exe,ok,11,attacker,0,18000,16114,1886,6000,0,6000,False,True,1,0,loser destroyed,Rome defeats Gaul,,50.9,hi-hi-three-one_start.SAV,hi-hi-three-one_s3_r1_BATTLE01.SAV,hi-hi-three-one_s3_r1_BATTLE11.SAV,hi-hi-three-one_s3_r1_post.SAV,492448b81411,130c217bc297,halfrounds-hi-hi-three-one_s3_r1.jsonl,14,9
hi-li-half-one_s1_r1,hi-li-half-one,lab,L1 from FLD-RG (labelled synthetic),hi,li,half-one,1,1,Imperial Conquest 2 lab s1.exe,ok,13,attacker,0,3000,2342,658,15000,0,15000,False,True,1,0,loser destroyed,Rome defeats Gaul,,50.0,hi-li-half-one_start.SAV,hi-li-half-one_s1_r1_BATTLE01.SAV,hi-li-half-one_s1_r1_BATTLE13.SAV,hi-li-half-one_s1_r1_post.SAV,6adcd03c4cbe,5fa2f3d4aaec,halfrounds-hi-li-half-one_s1_r1.jsonl,15,12
hi-li-half-one_s2_r1,hi-li-half-one,lab,L1 from FLD-RG (labelled synthetic),hi,li,half-one,2,1,Imperial Conquest 2 lab s2.exe,ok,13,attacker,0,3000,2289,711,15000,0,15000,False,True,0,0,loser destroyed,Rome defeats Gaul,,50.8,hi-li-half-one_start.SAV,hi-li-half-one_s2_r1_BATTLE01.SAV,hi-li-half-one_s2_r1_BATTLE13.SAV,hi-li-half-one_s2_r1_post.SAV,2923bd28a426,90b8c1f25b7d,halfrounds-hi-li-half-one_s2_r1.jsonl,15,12
hi-li-half-one_s3_r1,hi-li-half-one,lab,L1 from FLD-RG (labelled synthetic),hi,li,half-one,3,1,Imperial Conquest 2 lab s3.exe,ok,12,attacker,0,3000,2395,605,15000,0,15000,False,True,0,0,loser destroyed,Rome defeats Gaul,,50.5,hi-li-half-one_start.SAV,hi-li-half-one_s3_r1_BATTLE01.SAV,hi-li-half-one_s3_r1_BATTLE12.SAV,hi-li-half-one_s3_r1_post.SAV,73efd67fc36b,364d8e313ee8,halfrounds-hi-li-half-one_s3_r1.jsonl,13,10
hi-li-half-three_s1_r1,hi-li-half-three,lab,L1 from FLD-RG (labelled synthetic),hi,li,half-three,1,1,Imperial Conquest 2 lab s1.exe,ok,10,defender,0,3000,0,3000,45000,33006,11994,True,False,0,0,loser destroyed,Gaul defeats Rome,Offer of peace,57.9,hi-li-half-three_start.SAV,hi-li-half-three_s1_r1_BATTLE01.SAV,hi-li-half-three_s1_r1_BATTLE10.SAV,hi-li-half-three_s1_r1_post.SAV,d458c33d9627,09690ced1957,halfrounds-hi-li-half-three_s1_r1.jsonl,13,8
hi-li-half-three_s2_r1,hi-li-half-three,lab,L1 from FLD-RG (labelled synthetic),hi,li,half-three,2,1,Imperial Conquest 2 lab s2.exe,ok,10,defender,0,3000,0,3000,45000,36957,8043,True,False,0,1,loser destroyed,Gaul defeats Rome,,50.5,hi-li-half-three_start.SAV,hi-li-half-three_s2_r1_BATTLE01.SAV,hi-li-half-three_s2_r1_BATTLE10.SAV,hi-li-half-three_s2_r1_post.SAV,6d3545a9aba4,5816dbd06224,halfrounds-hi-li-half-three_s2_r1.jsonl,13,8
hi-li-half-three_s3_r1,hi-li-half-three,lab,L1 from FLD-RG (labelled synthetic),hi,li,half-three,3,1,Imperial Conquest 2 lab s3.exe,ok,9,defender,0,3000,0,3000,45000,38715,6285,True,False,0,0,loser destroyed,Gaul defeats Rome,Offer of peace,56.5,hi-li-half-three_start.SAV,hi-li-half-three_s3_r1_BATTLE01.SAV,hi-li-half-three_s3_r1_BATTLE09.SAV,hi-li-half-three_s3_r1_post.SAV,e861514da24f,d2afcd5c7e26,halfrounds-hi-li-half-three_s3_r1.jsonl,11,7
hi-li-one-half_s1_r1,hi-li-one-half,lab,L1 from FLD-RG (labelled synthetic),hi,li,one-half,1,1,Imperial Conquest 2 lab s1.exe,ok,11,attacker,0,6000,5740,260,7500,0,7500,False,True,1,0,loser destroyed,Rome defeats Gaul,,49.9,hi-li-one-half_start.SAV,hi-li-one-half_s1_r1_BATTLE01.SAV,hi-li-one-half_s1_r1_BATTLE11.SAV,hi-li-one-half_s1_r1_post.SAV,fe487d49a2c3,02c18b7a7632,halfrounds-hi-li-one-half_s1_r1.jsonl,11,8
hi-li-one-half_s2_r1,hi-li-one-half,lab,L1 from FLD-RG (labelled synthetic),hi,li,one-half,2,1,Imperial Conquest 2 lab s2.exe,ok,10,attacker,0,6000,5683,317,7500,0,7500,False,True,1,0,loser destroyed,Rome defeats Gaul,,50.8,hi-li-one-half_start.SAV,hi-li-one-half_s2_r1_BATTLE01.SAV,hi-li-one-half_s2_r1_BATTLE10.SAV,hi-li-one-half_s2_r1_post.SAV,96f37d6cc5b5,ec686773961c,halfrounds-hi-li-one-half_s2_r1.jsonl,9,6
hi-li-one-half_s3_r1,hi-li-one-half,lab,L1 from FLD-RG (labelled synthetic),hi,li,one-half,3,1,Imperial Conquest 2 lab s3.exe,ok,10,attacker,0,6000,5735,265,7500,0,7500,False,True,0,0,loser destroyed,Rome defeats Gaul,,49.7,hi-li-one-half_start.SAV,hi-li-one-half_s3_r1_BATTLE01.SAV,hi-li-one-half_s3_r1_BATTLE10.SAV,hi-li-one-half_s3_r1_post.SAV,0fe5d316fbf3,89efb3a52046,halfrounds-hi-li-one-half_s3_r1.jsonl,9,6
hi-li-one-three_s1_r1,hi-li-one-three,lab,L1 from FLD-RG (labelled synthetic),hi,li,one-three,1,1,Imperial Conquest 2 lab s1.exe,ok,21,attacker,0,6000,3095,2905,45000,0,45000,False,True,0,0,loser destroyed,Rome defeats Gaul,,50.9,hi-li-one-three_start.SAV,hi-li-one-three_s1_r1_BATTLE01.SAV,hi-li-one-three_s1_r1_BATTLE21.SAV,hi-li-one-three_s1_r1_post.SAV,cb3ed9fd0901,d991f23b4a9a,halfrounds-hi-li-one-three_s1_r1.jsonl,42,28
hi-li-one-three_s2_r1,hi-li-one-three,lab,L1 from FLD-RG (labelled synthetic),hi,li,one-three,2,1,Imperial Conquest 2 lab s2.exe,ok,21,attacker,0,6000,3034,2966,45000,0,45000,False,True,0,0,loser destroyed,Rome defeats Gaul,,51.1,hi-li-one-three_start.SAV,hi-li-one-three_s2_r1_BATTLE01.SAV,hi-li-one-three_s2_r1_BATTLE21.SAV,hi-li-one-three_s2_r1_post.SAV,b5d25cd03983,b1eed0dca1fa,halfrounds-hi-li-one-three_s2_r1.jsonl,43,29
hi-li-one-three_s3_r1,hi-li-one-three,lab,L1 from FLD-RG (labelled synthetic),hi,li,one-three,3,1,Imperial Conquest 2 lab s3.exe,ok,21,attacker,1,6000,2430,3570,45000,0,45000,False,True,0,0,loser destroyed,Rome defeats Gaul,,52.7,hi-li-one-three_start.SAV,hi-li-one-three_s3_r1_BATTLE01.SAV,hi-li-one-three_s3_r1_BATTLE21.SAV,hi-li-one-three_s3_r1_post.SAV,61062901c96e,5dc9746380be,halfrounds-hi-li-one-three_s3_r1.jsonl,42,28
hi-li-three-half_s1_r1,hi-li-three-half,lab,L1 from FLD-RG (labelled synthetic),hi,li,three-half,1,1,Imperial Conquest 2 lab s1.exe,ok,8,attacker,0,18000,17851,149,7500,0,7500,False,True,1,0,loser destroyed,Rome defeats Gaul,,51.5,hi-li-three-half_start.SAV,hi-li-three-half_s1_r1_BATTLE01.SAV,hi-li-three-half_s1_r1_BATTLE08.SAV,hi-li-three-half_s1_r1_post.SAV,35827de216f3,efe9d8a4a4c5,halfrounds-hi-li-three-half_s1_r1.jsonl,7,1
hi-li-three-half_s2_r1,hi-li-three-half,lab,L1 from FLD-RG (labelled synthetic),hi,li,three-half,2,1,Imperial Conquest 2 lab s2.exe,ok,8,attacker,0,18000,17829,171,7500,0,7500,False,True,1,0,loser destroyed,Rome defeats Gaul,,51.6,hi-li-three-half_start.SAV,hi-li-three-half_s2_r1_BATTLE01.SAV,hi-li-three-half_s2_r1_BATTLE08.SAV,hi-li-three-half_s2_r1_post.SAV,ede18de58d7b,9925556bce20,halfrounds-hi-li-three-half_s2_r1.jsonl,7,1
hi-li-three-half_s3_r1,hi-li-three-half,lab,L1 from FLD-RG (labelled synthetic),hi,li,three-half,3,1,Imperial Conquest 2 lab s3.exe,ok,9,attacker,0,18000,17792,208,7500,0,7500,False,True,3,0,loser destroyed,Rome defeats Gaul,,51.6,hi-li-three-half_start.SAV,hi-li-three-half_s3_r1_BATTLE01.SAV,hi-li-three-half_s3_r1_BATTLE09.SAV,hi-li-three-half_s3_r1_post.SAV,80f48015586f,2369b088202c,halfrounds-hi-li-three-half_s3_r1.jsonl,9,2
hi-li-three-one_s1_r1,hi-li-three-one,lab,L1 from FLD-RG (labelled synthetic),hi,li,three-one,1,1,Imperial Conquest 2 lab s1.exe,ok,9,attacker,0,18000,17680,320,15000,0,15000,False,True,1,0,loser destroyed,Rome defeats Gaul,,50.8,hi-li-three-one_start.SAV,hi-li-three-one_s1_r1_BATTLE01.SAV,hi-li-three-one_s1_r1_BATTLE09.SAV,hi-li-three-one_s1_r1_post.SAV,3e101900bc45,0263e64bca5a,halfrounds-hi-li-three-one_s1_r1.jsonl,9,2
hi-li-three-one_s2_r1,hi-li-three-one,lab,L1 from FLD-RG (labelled synthetic),hi,li,three-one,2,1,Imperial Conquest 2 lab s2.exe,ok,9,attacker,0,18000,17677,323,15000,0,15000,False,True,0,0,loser destroyed,Rome defeats Gaul,,50.4,hi-li-three-one_start.SAV,hi-li-three-one_s2_r1_BATTLE01.SAV,hi-li-three-one_s2_r1_BATTLE09.SAV,hi-li-three-one_s2_r1_post.SAV,3f40fd9679ee,1d1cb4760995,halfrounds-hi-li-three-one_s2_r1.jsonl,9,2
hi-li-three-one_s3_r1,hi-li-three-one,lab,L1 from FLD-RG (labelled synthetic),hi,li,three-one,3,1,Imperial Conquest 2 lab s3.exe,ok,9,attacker,0,18000,17583,417,15000,0,15000,False,True,0,0,loser destroyed,Rome defeats Gaul,,51.2,hi-li-three-one_start.SAV,hi-li-three-one_s3_r1_BATTLE01.SAV,hi-li-three-one_s3_r1_BATTLE09.SAV,hi-li-three-one_s3_r1_post.SAV,3ca9fff70079,ae9da6293673,halfrounds-hi-li-three-one_s3_r1.jsonl,9,2
li-hi-half-one_s1_r1,li-hi-half-one,lab,L1 from FLD-RG (labelled synthetic),li,hi,half-one,1,1,Imperial Conquest 2 lab s1.exe,ok,11,defender,0,7500,0,7500,6000,5788,212,True,False,0,1,loser destroyed,Gaul defeats Rome,Offer of peace,56.9,li-hi-half-one_start.SAV,li-hi-half-one_s1_r1_BATTLE01.SAV,li-hi-half-one_s1_r1_BATTLE11.SAV,li-hi-half-one_s1_r1_post.SAV,8d75c0a680e0,3e8cf5ede1ca,halfrounds-li-hi-half-one_s1_r1.jsonl,9,6
li-hi-half-one_s2_r1,li-hi-half-one,lab,L1 from FLD-RG (labelled synthetic),li,hi,half-one,2,1,Imperial Conquest 2 lab s2.exe,ok,12,defender,0,7500,0,7500,6000,5817,183,True,False,0,0,loser destroyed,Gaul defeats Rome,,51.0,li-hi-half-one_start.SAV,li-hi-half-one_s2_r1_BATTLE01.SAV,li-hi-half-one_s2_r1_BATTLE12.SAV,li-hi-half-one_s2_r1_post.SAV,fed0b6c4fe52,57af69bb7c9d,halfrounds-li-hi-half-one_s2_r1.jsonl,8,6
li-hi-half-one_s3_r1,li-hi-half-one,lab,L1 from FLD-RG (labelled synthetic),li,hi,half-one,3,1,Imperial Conquest 2 lab s3.exe,ok,11,defender,0,7500,0,7500,6000,5716,284,True,False,0,0,loser destroyed,Gaul defeats Rome,Offer of peace,56.9,li-hi-half-one_start.SAV,li-hi-half-one_s3_r1_BATTLE01.SAV,li-hi-half-one_s3_r1_BATTLE11.SAV,li-hi-half-one_s3_r1_post.SAV,1a58dae403c4,0baf80b1dd73,halfrounds-li-hi-half-one_s3_r1.jsonl,9,6
li-hi-half-three_s1_r1,li-hi-half-three,lab,L1 from FLD-RG (labelled synthetic),li,hi,half-three,1,1,Imperial Conquest 2 lab s1.exe,ok,10,defender,0,7500,0,7500,18000,17888,112,True,False,0,3,loser destroyed,Gaul defeats Rome,,50.1,li-hi-half-three_start.SAV,li-hi-half-three_s1_r1_BATTLE01.SAV,li-hi-half-three_s1_r1_BATTLE10.SAV,li-hi-half-three_s1_r1_post.SAV,d7ef2b3991e7,0dd362155cb7,halfrounds-li-hi-half-three_s1_r1.jsonl,7,1
li-hi-half-three_s2_r1,li-hi-half-three,lab,L1 from FLD-RG (labelled synthetic),li,hi,half-three,2,1,Imperial Conquest 2 lab s2.exe,ok,9,defender,0,7500,0,7500,18000,17783,217,True,False,0,2,loser destroyed,Gaul defeats Rome,,50.4,li-hi-half-three_start.SAV,li-hi-half-three_s2_r1_BATTLE01.SAV,li-hi-half-three_s2_r1_BATTLE09.SAV,li-hi-half-three_s2_r1_post.SAV,8e422139adea,69822b580ced,halfrounds-li-hi-half-three_s2_r1.jsonl,7,1
li-hi-half-three_s3_r1,li-hi-half-three,lab,L1 from FLD-RG (labelled synthetic),li,hi,half-three,3,1,Imperial Conquest 2 lab s3.exe,ok,10,defender,0,7500,0,7500,18000,17832,168,True,False,0,1,loser destroyed,Gaul defeats Rome,Offer of peace,56.5,li-hi-half-three_start.SAV,li-hi-half-three_s3_r1_BATTLE01.SAV,li-hi-half-three_s3_r1_BATTLE10.SAV,li-hi-half-three_s3_r1_post.SAV,cbf0c4ed716f,5c0005527a8e,halfrounds-li-hi-half-three_s3_r1.jsonl,7,1
li-hi-one-half_s1_r1,li-hi-one-half,lab,L1 from FLD-RG (labelled synthetic),li,hi,one-half,1,1,Imperial Conquest 2 lab s1.exe,ok,14,defender,0,15000,0,15000,3000,2508,492,True,False,0,1,loser destroyed,Gaul defeats Rome,,50.1,li-hi-one-half_start.SAV,li-hi-one-half_s1_r1_BATTLE01.SAV,li-hi-one-half_s1_r1_BATTLE14.SAV,li-hi-one-half_s1_r1_post.SAV,bde68d6f6f66,c33ef5d69310,halfrounds-li-hi-one-half_s1_r1.jsonl,15,12
li-hi-one-half_s2_r1,li-hi-one-half,lab,L1 from FLD-RG (labelled synthetic),li,hi,one-half,2,1,Imperial Conquest 2 lab s2.exe,ok,14,defender,0,15000,0,15000,3000,2574,426,True,False,0,0,loser destroyed,Gaul defeats Rome,,51.7,li-hi-one-half_start.SAV,li-hi-one-half_s2_r1_BATTLE01.SAV,li-hi-one-half_s2_r1_BATTLE14.SAV,li-hi-one-half_s2_r1_post.SAV,ee836246d820,5a297942f8c1,halfrounds-li-hi-one-half_s2_r1.jsonl,12,9
li-hi-one-half_s3_r1,li-hi-one-half,lab,L1 from FLD-RG (labelled synthetic),li,hi,one-half,3,1,Imperial Conquest 2 lab s3.exe,ok,14,defender,0,15000,0,15000,3000,2369,631,True,False,0,0,loser destroyed,Gaul defeats Rome,,52.3,li-hi-one-half_start.SAV,li-hi-one-half_s3_r1_BATTLE01.SAV,li-hi-one-half_s3_r1_BATTLE14.SAV,li-hi-one-half_s3_r1_post.SAV,1be1be2f7e5c,c060f3ac83ff,halfrounds-li-hi-one-half_s3_r1.jsonl,15,12
li-hi-one-three_s1_r1,li-hi-one-three,lab,L1 from FLD-RG (labelled synthetic),li,hi,one-three,1,1,Imperial Conquest 2 lab s1.exe,ok,10,defender,0,15000,0,15000,18000,17787,213,True,False,0,0,loser destroyed,Gaul defeats Rome,,52.3,li-hi-one-three_start.SAV,li-hi-one-three_s1_r1_BATTLE01.SAV,li-hi-one-three_s1_r1_BATTLE10.SAV,li-hi-one-three_s1_r1_post.SAV,0d718130ed93,a70ee85dbc94,halfrounds-li-hi-one-three_s1_r1.jsonl,7,1
li-hi-one-three_s2_r1,li-hi-one-three,lab,L1 from FLD-RG (labelled synthetic),li,hi,one-three,2,1,Imperial Conquest 2 lab s2.exe,ok,10,defender,0,15000,0,15000,18000,17594,406,True,False,0,0,loser destroyed,Gaul defeats Rome,,52.0,li-hi-one-three_start.SAV,li-hi-one-three_s2_r1_BATTLE01.SAV,li-hi-one-three_s2_r1_BATTLE10.SAV,li-hi-one-three_s2_r1_post.SAV,a857fa74b566,a4f3945f7b02,halfrounds-li-hi-one-three_s2_r1.jsonl,9,2
li-hi-one-three_s3_r1,li-hi-one-three,lab,L1 from FLD-RG (labelled synthetic),li,hi,one-three,3,1,Imperial Conquest 2 lab s3.exe,ok,10,defender,0,15000,0,15000,18000,17701,299,True,False,0,1,loser destroyed,Gaul defeats Rome,Offer of peace,58.7,li-hi-one-three_start.SAV,li-hi-one-three_s3_r1_BATTLE01.SAV,li-hi-one-three_s3_r1_BATTLE10.SAV,li-hi-one-three_s3_r1_post.SAV,219e40a30339,a746aaf20d81,halfrounds-li-hi-one-three_s3_r1.jsonl,7,1
li-hi-three-half_s1_r1,li-hi-three-half,lab,L1 from FLD-RG (labelled synthetic),li,hi,three-half,1,1,Imperial Conquest 2 lab s1.exe,ok,10,attacker,0,45000,40386,4614,3000,0,3000,False,True,1,0,loser destroyed,Rome defeats Gaul,,52.6,li-hi-three-half_start.SAV,li-hi-three-half_s1_r1_BATTLE01.SAV,li-hi-three-half_s1_r1_BATTLE10.SAV,li-hi-three-half_s1_r1_post.SAV,666576b71a84,ad1cbc65a800,halfrounds-li-hi-three-half_s1_r1.jsonl,11,7
li-hi-three-half_s2_r1,li-hi-three-half,lab,L1 from FLD-RG (labelled synthetic),li,hi,three-half,2,1,Imperial Conquest 2 lab s2.exe,ok,11,attacker,0,45000,33551,11449,3000,0,3000,False,True,1,0,loser destroyed,Rome defeats Gaul,,52.3,li-hi-three-half_start.SAV,li-hi-three-half_s2_r1_BATTLE01.SAV,li-hi-three-half_s2_r1_BATTLE11.SAV,li-hi-three-half_s2_r1_post.SAV,502e4939d316,84424881e904,halfrounds-li-hi-three-half_s2_r1.jsonl,13,8
li-hi-three-half_s3_r1,li-hi-three-half,lab,L1 from FLD-RG (labelled synthetic),li,hi,three-half,3,1,Imperial Conquest 2 lab s3.exe,ok,11,attacker,0,45000,36125,8875,3000,0,3000,False,True,1,0,loser destroyed,Rome defeats Gaul,,52.8,li-hi-three-half_start.SAV,li-hi-three-half_s3_r1_BATTLE01.SAV,li-hi-three-half_s3_r1_BATTLE11.SAV,li-hi-three-half_s3_r1_post.SAV,45a9204f03c6,26f8b9d5d740,halfrounds-li-hi-three-half_s3_r1.jsonl,13,8
li-hi-three-one_s1_r1,li-hi-three-one,lab,L1 from FLD-RG (labelled synthetic),li,hi,three-one,1,1,Imperial Conquest 2 lab s1.exe,ok,22,defender,0,45000,0,45000,6000,2783,3217,True,False,0,1,loser destroyed,Gaul defeats Rome,,52.7,li-hi-three-one_start.SAV,li-hi-three-one_s1_r1_BATTLE01.SAV,li-hi-three-one_s1_r1_BATTLE22.SAV,li-hi-three-one_s1_r1_post.SAV,98405eb33485,80bca23ff2dc,halfrounds-li-hi-three-one_s1_r1.jsonl,42,29
li-hi-three-one_s2_r1,li-hi-three-one,lab,L1 from FLD-RG (labelled synthetic),li,hi,three-one,2,1,Imperial Conquest 2 lab s2.exe,ok,21,defender,0,45000,0,45000,6000,3359,2641,True,False,0,0,loser destroyed,Gaul defeats Rome,Offer of peace,59.6,li-hi-three-one_start.SAV,li-hi-three-one_s2_r1_BATTLE01.SAV,li-hi-three-one_s2_r1_BATTLE21.SAV,li-hi-three-one_s2_r1_post.SAV,1ea08386f45a,274fc1e3b5da,halfrounds-li-hi-three-one_s2_r1.jsonl,41,27
li-hi-three-one_s3_r1,li-hi-three-one,lab,L1 from FLD-RG (labelled synthetic),li,hi,three-one,3,1,Imperial Conquest 2 lab s3.exe,ok,22,defender,1,45000,0,45000,6000,3257,2743,True,False,0,0,loser destroyed,Gaul defeats Rome,Offer of peace,61.1,li-hi-three-one_start.SAV,li-hi-three-one_s3_r1_BATTLE01.SAV,li-hi-three-one_s3_r1_BATTLE22.SAV,li-hi-three-one_s3_r1_post.SAV,5a38766a053a,083f97b7eac4,halfrounds-li-hi-three-one_s3_r1.jsonl,42,28
lc-ar-half-one_s1_r1,lc-ar-half-one,lab,L1 from FLD-RG (labelled synthetic),lc,ar,half-one,1,1,Imperial Conquest 2 lab s1.exe,ok,19,attacker,0,3500,1554,1946,3500,0,3500,False,True,0,0,loser destroyed,Rome defeats Gaul,,52.3,lc-ar-half-one_start.SAV,lc-ar-half-one_s1_r1_BATTLE01.SAV,lc-ar-half-one_s1_r1_BATTLE19.SAV,lc-ar-half-one_s1_r1_post.SAV,59b55a985f89,2c8de4a74023,halfrounds-lc-ar-half-one_s1_r1.jsonl,13,6
lc-ar-half-one_s2_r1,lc-ar-half-one,lab,L1 from FLD-RG (labelled synthetic),lc,ar,half-one,2,1,Imperial Conquest 2 lab s2.exe,ok,19,attacker,0,3500,1330,2170,3500,0,3500,False,True,0,0,loser destroyed,Rome defeats Gaul,,52.4,lc-ar-half-one_start.SAV,lc-ar-half-one_s2_r1_BATTLE01.SAV,lc-ar-half-one_s2_r1_BATTLE19.SAV,lc-ar-half-one_s2_r1_post.SAV,d782662e7233,f01625c927c4,halfrounds-lc-ar-half-one_s2_r1.jsonl,13,6
lc-ar-half-one_s3_r1,lc-ar-half-one,lab,L1 from FLD-RG (labelled synthetic),lc,ar,half-one,3,1,Imperial Conquest 2 lab s3.exe,ok,19,attacker,0,3500,1499,2001,3500,0,3500,False,True,0,0,loser destroyed,Rome defeats Gaul,,52.3,lc-ar-half-one_start.SAV,lc-ar-half-one_s3_r1_BATTLE01.SAV,lc-ar-half-one_s3_r1_BATTLE19.SAV,lc-ar-half-one_s3_r1_post.SAV,366fee91af93,ae91c8de858d,halfrounds-lc-ar-half-one_s3_r1.jsonl,13,6
lc-ar-half-three_s1_r1,lc-ar-half-three,lab,L1 from FLD-RG (labelled synthetic),lc,ar,half-three,1,1,Imperial Conquest 2 lab s1.exe,ok,10,defender,0,3500,0,3500,10500,9225,1275,True,False,0,1,loser destroyed,Gaul defeats Rome,,52.2,lc-ar-half-three_start.SAV,lc-ar-half-three_s1_r1_BATTLE01.SAV,lc-ar-half-three_s1_r1_BATTLE10.SAV,lc-ar-half-three_s1_r1_post.SAV,ca000379455d,5725a29cc059,halfrounds-lc-ar-half-three_s1_r1.jsonl,4,1
lc-ar-half-three_s2_r1,lc-ar-half-three,lab,L1 from FLD-RG (labelled synthetic),lc,ar,half-three,2,1,Imperial Conquest 2 lab s2.exe,ok,10,defender,0,3500,0,3500,10500,9324,1176,True,False,0,1,loser destroyed,Gaul defeats Rome,,52.8,lc-ar-half-three_start.SAV,lc-ar-half-three_s2_r1_BATTLE01.SAV,lc-ar-half-three_s2_r1_BATTLE10.SAV,lc-ar-half-three_s2_r1_post.SAV,b14db55a4d6c,9be7a20fcf99,halfrounds-lc-ar-half-three_s2_r1.jsonl,4,1
lc-ar-half-three_s3_r1,lc-ar-half-three,lab,L1 from FLD-RG (labelled synthetic),lc,ar,half-three,3,1,Imperial Conquest 2 lab s3.exe,ok,12,defender,0,3500,0,3500,10500,8846,1654,True,False,0,1,loser destroyed,Gaul defeats Rome,,53.3,lc-ar-half-three_start.SAV,lc-ar-half-three_s3_r1_BATTLE01.SAV,lc-ar-half-three_s3_r1_BATTLE12.SAV,lc-ar-half-three_s3_r1_post.SAV,3731bf6a972c,1112573c591b,halfrounds-lc-ar-half-three_s3_r1.jsonl,4,1
lc-ar-one-half_s1_r1,lc-ar-one-half,lab,L1 from FLD-RG (labelled synthetic),lc,ar,one-half,1,1,Imperial Conquest 2 lab s1.exe,ok,11,attacker,0,7000,6647,353,1750,0,1750,False,True,0,0,loser destroyed,Rome defeats Gaul,,51.5,lc-ar-one-half_start.SAV,lc-ar-one-half_s1_r1_BATTLE01.SAV,lc-ar-one-half_s1_r1_BATTLE11.SAV,lc-ar-one-half_s1_r1_post.SAV,f03c87ff8dd8,98b7d3feb8f1,halfrounds-lc-ar-one-half_s1_r1.jsonl,5,2
lc-ar-one-half_s2_r1,lc-ar-one-half,lab,L1 from FLD-RG (labelled synthetic),lc,ar,one-half,2,1,Imperial Conquest 2 lab s2.exe,ok,11,attacker,0,7000,6462,538,1750,0,1750,False,True,1,0,loser destroyed,Rome defeats Gaul,,52.2,lc-ar-one-half_start.SAV,lc-ar-one-half_s2_r1_BATTLE01.SAV,lc-ar-one-half_s2_r1_BATTLE11.SAV,lc-ar-one-half_s2_r1_post.SAV,963acb196ede,32f3669d69ec,halfrounds-lc-ar-one-half_s2_r1.jsonl,5,2
lc-ar-one-half_s3_r1,lc-ar-one-half,lab,L1 from FLD-RG (labelled synthetic),lc,ar,one-half,3,1,Imperial Conquest 2 lab s3.exe,ok,11,attacker,0,7000,6482,518,1750,0,1750,False,True,0,0,loser destroyed,Rome defeats Gaul,,52.2,lc-ar-one-half_start.SAV,lc-ar-one-half_s3_r1_BATTLE01.SAV,lc-ar-one-half_s3_r1_BATTLE11.SAV,lc-ar-one-half_s3_r1_post.SAV,a4e83d8bf824,bdc2df4cc66d,halfrounds-lc-ar-one-half_s3_r1.jsonl,5,2
lc-ar-one-three_s1_r1,lc-ar-one-three,lab,L1 from FLD-RG (labelled synthetic),lc,ar,one-three,1,1,Imperial Conquest 2 lab s1.exe,ok,14,defender,0,7000,0,7000,10500,7310,3190,True,False,0,3,loser destroyed,Gaul defeats Rome,,52.5,lc-ar-one-three_start.SAV,lc-ar-one-three_s1_r1_BATTLE01.SAV,lc-ar-one-three_s1_r1_BATTLE14.SAV,lc-ar-one-three_s1_r1_post.SAV,2ac6183f7181,6cf027819d48,halfrounds-lc-ar-one-three_s1_r1.jsonl,9,3
lc-ar-one-three_s2_r1,lc-ar-one-three,lab,L1 from FLD-RG (labelled synthetic),lc,ar,one-three,2,1,Imperial Conquest 2 lab s2.exe,ok,12,defender,0,7000,0,7000,10500,7664,2836,True,False,0,2,loser destroyed,Gaul defeats Rome,,53.6,lc-ar-one-three_start.SAV,lc-ar-one-three_s2_r1_BATTLE01.SAV,lc-ar-one-three_s2_r1_BATTLE12.SAV,lc-ar-one-three_s2_r1_post.SAV,7ffad735f9c4,460a7bdbeff4,halfrounds-lc-ar-one-three_s2_r1.jsonl,7,2
lc-ar-one-three_s3_r1,lc-ar-one-three,lab,L1 from FLD-RG (labelled synthetic),lc,ar,one-three,3,1,Imperial Conquest 2 lab s3.exe,ok,16,defender,1,7000,0,7000,10500,7274,3226,True,False,0,1,loser destroyed,Gaul defeats Rome,,54.2,lc-ar-one-three_start.SAV,lc-ar-one-three_s3_r1_BATTLE01.SAV,lc-ar-one-three_s3_r1_BATTLE16.SAV,lc-ar-one-three_s3_r1_post.SAV,1fd6dc58553e,d4938681bef3,halfrounds-lc-ar-one-three_s3_r1.jsonl,9,3
lc-ar-three-half_s1_r1,lc-ar-three-half,lab,L1 from FLD-RG (labelled synthetic),lc,ar,three-half,1,1,Imperial Conquest 2 lab s1.exe,ok,9,attacker,0,21000,20809,191,1750,0,1750,False,True,1,0,loser destroyed,Rome defeats Gaul,,51.9,lc-ar-three-half_start.SAV,lc-ar-three-half_s1_r1_BATTLE01.SAV,lc-ar-three-half_s1_r1_BATTLE09.SAV,lc-ar-three-half_s1_r1_post.SAV,ba96e18232f0,fb464feba9c8,halfrounds-lc-ar-three-half_s1_r1.jsonl,2,1
lc-ar-three-half_s2_r1,lc-ar-three-half,lab,L1 from FLD-RG (labelled synthetic),lc,ar,three-half,2,1,Imperial Conquest 2 lab s2.exe,ok,9,attacker,0,21000,20682,318,1750,0,1750,False,True,1,0,loser destroyed,Rome defeats Gaul,,51.3,lc-ar-three-half_start.SAV,lc-ar-three-half_s2_r1_BATTLE01.SAV,lc-ar-three-half_s2_r1_BATTLE09.SAV,lc-ar-three-half_s2_r1_post.SAV,8efa6d9ae093,df25211cd98d,halfrounds-lc-ar-three-half_s2_r1.jsonl,2,1
lc-ar-three-half_s3_r1,lc-ar-three-half,lab,L1 from FLD-RG (labelled synthetic),lc,ar,three-half,3,1,Imperial Conquest 2 lab s3.exe,ok,9,attacker,0,21000,20609,391,1750,0,1750,False,True,1,0,loser destroyed,Rome defeats Gaul,,51.1,lc-ar-three-half_start.SAV,lc-ar-three-half_s3_r1_BATTLE01.SAV,lc-ar-three-half_s3_r1_BATTLE09.SAV,lc-ar-three-half_s3_r1_post.SAV,a8f6a2341995,c765d3aa1fb9,halfrounds-lc-ar-three-half_s3_r1.jsonl,2,0
lc-ar-three-one_s1_r1,lc-ar-three-one,lab,L1 from FLD-RG (labelled synthetic),lc,ar,three-one,1,1,Imperial Conquest 2 lab s1.exe,ok,9,attacker,0,21000,20637,363,3500,0,3500,False,True,2,0,loser destroyed,Rome defeats Gaul,,51.6,lc-ar-three-one_start.SAV,lc-ar-three-one_s1_r1_BATTLE01.SAV,lc-ar-three-one_s1_r1_BATTLE09.SAV,lc-ar-three-one_s1_r1_post.SAV,620d84f32152,8caa09e5f111,halfrounds-lc-ar-three-one_s1_r1.jsonl,2,1
lc-ar-three-one_s2_r1,lc-ar-three-one,lab,L1 from FLD-RG (labelled synthetic),lc,ar,three-one,2,1,Imperial Conquest 2 lab s2.exe,ok,9,attacker,0,21000,20399,601,3500,0,3500,False,True,2,0,loser destroyed,Rome defeats Gaul,,51.9,lc-ar-three-one_start.SAV,lc-ar-three-one_s2_r1_BATTLE01.SAV,lc-ar-three-one_s2_r1_BATTLE09.SAV,lc-ar-three-one_s2_r1_post.SAV,b578ddc2f96f,903a5a82460e,halfrounds-lc-ar-three-one_s2_r1.jsonl,2,1
lc-ar-three-one_s3_r1,lc-ar-three-one,lab,L1 from FLD-RG (labelled synthetic),lc,ar,three-one,3,1,Imperial Conquest 2 lab s3.exe,ok,9,attacker,0,21000,20259,741,3500,0,3500,False,True,0,0,loser destroyed,Rome defeats Gaul,,52.5,lc-ar-three-one_start.SAV,lc-ar-three-one_s3_r1_BATTLE01.SAV,lc-ar-three-one_s3_r1_BATTLE09.SAV,lc-ar-three-one_s3_r1_post.SAV,efc9a2cc221e,49a02d6782f6,halfrounds-lc-ar-three-one_s3_r1.jsonl,2,0
ar-hc-half-one_s1_r1,ar-hc-half-one,lab,L1 from FLD-RG (labelled synthetic),ar,hc,half-one,1,1,Imperial Conquest 2 lab s1.exe,ok,16,defender,0,1750,0,1750,2500,2326,174,True,False,0,1,loser destroyed,Gaul defeats Rome,,51.3,ar-hc-half-one_start.SAV,ar-hc-half-one_s1_r1_BATTLE01.SAV,ar-hc-half-one_s1_r1_BATTLE16.SAV,ar-hc-half-one_s1_r1_post.SAV,5c4ca7662def,527655fce481,halfrounds-ar-hc-half-one_s1_r1.jsonl,8,4
ar-hc-half-one_s2_r1,ar-hc-half-one,lab,L1 from FLD-RG (labelled synthetic),ar,hc,half-one,2,1,Imperial Conquest 2 lab s2.exe,ok,16,defender,0,1750,0,1750,2500,2302,198,True,False,0,0,loser destroyed,Gaul defeats Rome,Offer of peace,57.7,ar-hc-half-one_start.SAV,ar-hc-half-one_s2_r1_BATTLE01.SAV,ar-hc-half-one_s2_r1_BATTLE16.SAV,ar-hc-half-one_s2_r1_post.SAV,dbe6b9f13b69,1ada258898d9,halfrounds-ar-hc-half-one_s2_r1.jsonl,8,4
ar-hc-half-one_s3_r1,ar-hc-half-one,lab,L1 from FLD-RG (labelled synthetic),ar,hc,half-one,3,1,Imperial Conquest 2 lab s3.exe,ok,18,defender,0,1750,0,1750,2500,2307,193,True,False,0,0,loser destroyed,Gaul defeats Rome,,52.4,ar-hc-half-one_start.SAV,ar-hc-half-one_s3_r1_BATTLE01.SAV,ar-hc-half-one_s3_r1_BATTLE18.SAV,ar-hc-half-one_s3_r1_post.SAV,f5cc7c59800a,c8abfe56d06c,halfrounds-ar-hc-half-one_s3_r1.jsonl,8,4
ar-hc-half-three_s1_r1,ar-hc-half-three,lab,L1 from FLD-RG (labelled synthetic),ar,hc,half-three,1,1,Imperial Conquest 2 lab s1.exe,ok,10,defender,0,1750,0,1750,7500,7459,41,True,False,0,0,loser destroyed,Gaul defeats Rome,,50.6,ar-hc-half-three_start.SAV,ar-hc-half-three_s1_r1_BATTLE01.SAV,ar-hc-half-three_s1_r1_BATTLE10.SAV,ar-hc-half-three_s1_r1_post.SAV,3d7df8390c2d,f9c7417da4f7,halfrounds-ar-hc-half-three_s1_r1.jsonl,4,0
ar-hc-half-three_s2_r1,ar-hc-half-three,lab,L1 from FLD-RG (labelled synthetic),ar,hc,half-three,2,1,Imperial Conquest 2 lab s2.exe,ok,10,defender,0,1750,0,1750,7500,7451,49,True,False,0,2,loser destroyed,Gaul defeats Rome,,51.7,ar-hc-half-three_start.SAV,ar-hc-half-three_s2_r1_BATTLE01.SAV,ar-hc-half-three_s2_r1_BATTLE10.SAV,ar-hc-half-three_s2_r1_post.SAV,b4ce85d960ed,7b19ced47350,halfrounds-ar-hc-half-three_s2_r1.jsonl,4,0
ar-hc-half-three_s3_r1,ar-hc-half-three,lab,L1 from FLD-RG (labelled synthetic),ar,hc,half-three,3,1,Imperial Conquest 2 lab s3.exe,ok,10,defender,0,1750,0,1750,7500,7450,50,True,False,0,0,loser destroyed,Gaul defeats Rome,Offer of peace,58.0,ar-hc-half-three_start.SAV,ar-hc-half-three_s3_r1_BATTLE01.SAV,ar-hc-half-three_s3_r1_BATTLE10.SAV,ar-hc-half-three_s3_r1_post.SAV,a983bd90a043,d39db2e5d564,halfrounds-ar-hc-half-three_s3_r1.jsonl,4,0
ar-hc-one-half_s1_r1,ar-hc-one-half,lab,L1 from FLD-RG (labelled synthetic),ar,hc,one-half,1,1,Imperial Conquest 2 lab s1.exe,ok,20,defender,0,3500,0,3500,1250,761,489,True,False,0,0,loser destroyed,Gaul defeats Rome,Offer of peace,58.3,ar-hc-one-half_start.SAV,ar-hc-one-half_s1_r1_BATTLE01.SAV,ar-hc-one-half_s1_r1_BATTLE20.SAV,ar-hc-one-half_s1_r1_post.SAV,d542dc9f7977,c952f8738828,halfrounds-ar-hc-one-half_s1_r1.jsonl,12,6
ar-hc-one-half_s2_r1,ar-hc-one-half,lab,L1 from FLD-RG (labelled synthetic),ar,hc,one-half,2,1,Imperial Conquest 2 lab s2.exe,ok,20,defender,0,3500,0,3500,1250,675,575,True,False,0,0,loser destroyed,Gaul defeats Rome,,51.1,ar-hc-one-half_start.SAV,ar-hc-one-half_s2_r1_BATTLE01.SAV,ar-hc-one-half_s2_r1_BATTLE20.SAV,ar-hc-one-half_s2_r1_post.SAV,3abbd74ab0c8,2725f41feb0c,halfrounds-ar-hc-one-half_s2_r1.jsonl,12,6
ar-hc-one-half_s3_r1,ar-hc-one-half,lab,L1 from FLD-RG (labelled synthetic),ar,hc,one-half,3,1,Imperial Conquest 2 lab s3.exe,ok,22,defender,0,3500,0,3500,1250,835,415,True,False,0,0,loser destroyed,Gaul defeats Rome,,51.6,ar-hc-one-half_start.SAV,ar-hc-one-half_s3_r1_BATTLE01.SAV,ar-hc-one-half_s3_r1_BATTLE22.SAV,ar-hc-one-half_s3_r1_post.SAV,2bb1af1dcce5,0495677a1c71,halfrounds-ar-hc-one-half_s3_r1.jsonl,12,6
ar-hc-one-three_s1_r1,ar-hc-one-three,lab,L1 from FLD-RG (labelled synthetic),ar,hc,one-three,1,1,Imperial Conquest 2 lab s1.exe,ok,12,defender,0,3500,0,3500,7500,7418,82,True,False,0,1,loser destroyed,Gaul defeats Rome,,51.7,ar-hc-one-three_start.SAV,ar-hc-one-three_s1_r1_BATTLE01.SAV,ar-hc-one-three_s1_r1_BATTLE12.SAV,ar-hc-one-three_s1_r1_post.SAV,4b4f6995c781,8f7308cab2d8,halfrounds-ar-hc-one-three_s1_r1.jsonl,8,0
ar-hc-one-three_s2_r1,ar-hc-one-three,lab,L1 from FLD-RG (labelled synthetic),ar,hc,one-three,2,1,Imperial Conquest 2 lab s2.exe,ok,12,defender,0,3500,0,3500,7500,7402,98,True,False,0,1,loser destroyed,Gaul defeats Rome,Offer of peace,57.1,ar-hc-one-three_start.SAV,ar-hc-one-three_s2_r1_BATTLE01.SAV,ar-hc-one-three_s2_r1_BATTLE12.SAV,ar-hc-one-three_s2_r1_post.SAV,475b92e6d1e0,7b3cdf5db20c,halfrounds-ar-hc-one-three_s2_r1.jsonl,8,0
ar-hc-one-three_s3_r1,ar-hc-one-three,lab,L1 from FLD-RG (labelled synthetic),ar,hc,one-three,3,1,Imperial Conquest 2 lab s3.exe,ok,12,defender,0,3500,0,3500,7500,7395,105,True,False,0,1,loser destroyed,Gaul defeats Rome,,51.4,ar-hc-one-three_start.SAV,ar-hc-one-three_s3_r1_BATTLE01.SAV,ar-hc-one-three_s3_r1_BATTLE12.SAV,ar-hc-one-three_s3_r1_post.SAV,9b687881e405,d4c4f38ffc6b,halfrounds-ar-hc-one-three_s3_r1.jsonl,8,0
ar-hc-three-half_s1_r1,ar-hc-three-half,lab,L1 from FLD-RG (labelled synthetic),ar,hc,three-half,1,1,Imperial Conquest 2 lab s1.exe,ok,11,attacker,0,10500,9212,1288,1250,0,1250,False,True,1,0,loser destroyed,Rome defeats Gaul,,51.6,ar-hc-three-half_start.SAV,ar-hc-three-half_s1_r1_BATTLE01.SAV,ar-hc-three-half_s1_r1_BATTLE11.SAV,ar-hc-three-half_s1_r1_post.SAV,83b664d9a886,c91ba6256dfc,halfrounds-ar-hc-three-half_s1_r1.jsonl,4,2
ar-hc-three-half_s2_r1,ar-hc-three-half,lab,L1 from FLD-RG (labelled synthetic),ar,hc,three-half,2,1,Imperial Conquest 2 lab s2.exe,ok,11,attacker,0,10500,8606,1894,1250,0,1250,False,True,0,0,loser destroyed,Rome defeats Gaul,,51.1,ar-hc-three-half_start.SAV,ar-hc-three-half_s2_r1_BATTLE01.SAV,ar-hc-three-half_s2_r1_BATTLE11.SAV,ar-hc-three-half_s2_r1_post.SAV,941133a4b597,777f1938a9a1,halfrounds-ar-hc-three-half_s2_r1.jsonl,4,2
ar-hc-three-half_s3_r1,ar-hc-three-half,lab,L1 from FLD-RG (labelled synthetic),ar,hc,three-half,3,1,Imperial Conquest 2 lab s3.exe,ok,11,attacker,0,10500,8687,1813,1250,0,1250,False,True,1,0,loser destroyed,Rome defeats Gaul,,52.2,ar-hc-three-half_start.SAV,ar-hc-three-half_s3_r1_BATTLE01.SAV,ar-hc-three-half_s3_r1_BATTLE11.SAV,ar-hc-three-half_s3_r1_post.SAV,8c093b47deaa,5c6075fee116,halfrounds-ar-hc-three-half_s3_r1.jsonl,4,2
ar-hc-three-one_s1_r1,ar-hc-three-one,lab,L1 from FLD-RG (labelled synthetic),ar,hc,three-one,1,1,Imperial Conquest 2 lab s1.exe,ok,13,attacker,0,10500,7808,2692,2500,0,2500,False,True,1,0,loser destroyed,Rome defeats Gaul,,52.5,ar-hc-three-one_start.SAV,ar-hc-three-one_s1_r1_BATTLE01.SAV,ar-hc-three-one_s1_r1_BATTLE13.SAV,ar-hc-three-one_s1_r1_post.SAV,ffe96d1c847c,cd183a293c9e,halfrounds-ar-hc-three-one_s1_r1.jsonl,6,3
ar-hc-three-one_s2_r1,ar-hc-three-one,lab,L1 from FLD-RG (labelled synthetic),ar,hc,three-one,2,1,Imperial Conquest 2 lab s2.exe,ok,17,attacker,1,10500,7271,3229,2500,0,2500,False,True,1,0,loser destroyed,Rome defeats Gaul,,52.6,ar-hc-three-one_start.SAV,ar-hc-three-one_s2_r1_BATTLE01.SAV,ar-hc-three-one_s2_r1_BATTLE17.SAV,ar-hc-three-one_s2_r1_post.SAV,02b8689acdcb,1ecb927b97bd,halfrounds-ar-hc-three-one_s2_r1.jsonl,10,5
ar-hc-three-one_s3_r1,ar-hc-three-one,lab,L1 from FLD-RG (labelled synthetic),ar,hc,three-one,3,1,Imperial Conquest 2 lab s3.exe,ok,17,attacker,0,10500,7271,3229,2500,0,2500,False,True,0,0,loser destroyed,Rome defeats Gaul,,52.5,ar-hc-three-one_start.SAV,ar-hc-three-one_s3_r1_BATTLE01.SAV,ar-hc-three-one_s3_r1_BATTLE17.SAV,ar-hc-three-one_s3_r1_post.SAV,5d1689fe7a61,fe6ae52a0f20,halfrounds-ar-hc-three-one_s3_r1.jsonl,10,5
